SKU,Product Name,Stock Status
MGT00616-MJ,MINI GT Nissan Skyline Tommykaira R-z,out_of_stock
MGT00636-L,MINI GT Nissan GT-R Nismo GT500 #12 Calsonic Impul GT-R,out_of_stock
MGT00327-MJ,MINI GT Nissan GT-R Nismo GT3 2018 Presentation,out_of_stock
MGT00581-MJ,MINI GT Nissan Silvia S15 D-Max,out_of_stock
MGT00652-R,MINI GT Nissan Silvia S15 LB Super Silhouette Garuda,out_of_stock
MGT00103-MJ,MINI GT Nissan Skyline GT-R Gr. A #87 HKS 1993 Japan Touring Car Championship,out_of_stock
MGT00341-MJ,MINI GT Nissan Skyline GT-R V-Spec II Bayside Blue,out_of_stock
MGT00397-MJ,MINI GT Nissan Skyline GT-R V-Spec N1 White,out_of_stock
MGT00576-MJ,MINI GT Nissan S15 Silvia #555 LB Super Silhouette 2022 Formula Drift Japan,out_of_stock
MGT00618-MJ,MINI GT Nissan S15 Silvia #23 LB Super Silhouette 2022 Goodwood Festival of Speed,out_of_stock
MGT00650-R,MINI GT Nissan 35GT-RR LB Silhouette Works GT Princess Roro,out_of_stock
MGT00668-MJ,MINI GT Acura ARX-06 GTP #60 2023 IMSA Daytona 24 Hrs Meyer Shank Racing,out_of_stock
KHMG116,Kaido House Nissan Skyline GT-R (R33) Active Carbon R,out_of_stock
KHMG089,Kaido House Nissan Skyline GT-R (R33) Kaido Works V2,out_of_stock
KHMG055,Kaido House Nissan Skyline GT-R (R34) Kaido Works V3,out_of_stock
KHMG074,Kaido House Nissan Skyline GT-R (R34) Kaido Works Greddy V1,out_of_stock
KHMG072,Kaido House Nissan Skyline GT-R (R33) Kaido Works V1,out_of_stock
KHMG113,Kaido House Nissan Skyline GT-R (R33) Greddy GR33 V1,out_of_stock
KHMG103,Kaido House Nissan Skyline GT-R (R34) Kaido Works V4,out_of_stock
KHMG064,Kaido House Datsun Kaido Fairlady Z MOTUL V3,out_of_stock
KHMG093,"Kaido House Nissan Skyline GT-R (R34) Tamiya x Kaido House ""The Hornet"" - Open Box",out_of_stock
KHMG003,Kaido House Datsun 510 Pro Street SK510 Red,out_of_stock
KHMG004,Kaido House Datsun 510 Pro Street SK510 Orange,out_of_stock
KHMG029,Kaido House Datsun Kaido Fairlady Z Kaido GT V1,out_of_stock
KHMG030,Kaido House Datsun Kaido Fairlady Z Kaido GT V2,out_of_stock
KHMG128,Kaido House Nissan Skyline GT-R (R34) Kaido Racing Factory V1,out_of_stock
KHMG119,Kaido House Honda NSX Kaido Racing V1,out_of_stock
KHMG097,Kaido House Nissan Skyline GT-R (R33) DAI33 V1,out_of_stock
KHMG012,Kaido House Datsun Kaido 510 Wagon Hanami V1,out_of_stock
KHMG013,Kaido House Datsun Kaido 510 Wagon Hanami V2,out_of_stock
KHMG094,Kaido House Honda NSX Evasive V1,out_of_stock
KHMG010,Kaido House Datsun Kaido 510 Wagon Green,out_of_stock
KHMG120,Kaido House Nissan Skyline GT-R (R34) Kaido Works V2 Aero (Japan Police),out_of_stock
KHMG082,Kaido House Chevrolet Silverado Kaido Works V1,out_of_stock
IN64-LBWK-RX7-02,Inno64 LBWK RX-7 FD3S LB-Super Silhouette White,out_of_stock
IN64-R34-SHELL,"Inno64 Shell Nissan R34 GTT Drift Car Jason Mok, Pluto Mok [SEALED]",out_of_stock
IN64-R34ZT-ENDGAME,"Inno64 Nissan Skyline GT-R (R34) Z-Tune ""Endgame"" Australia Special Edition [SEALED]",out_of_stock
IN64-LBWKF40-XMAS23,Inno64 F40 LBWK Christmas Edition 2023,out_of_stock
IN64-R31-BRUCELEE,Inno64 Bruce Lee Nissan Skyline GT-R R31,out_of_stock
IN64-R32-BRUCELEE,Inno64 Bruce Lee Nissan Skyline GT-R R32,out_of_stock
IN64-R33-BRUCELEE,Inno64 Bruce Lee Nissan Skyline GT-R R33,out_of_stock
IN64-R34-BRUCELEE,Inno64 Bruce Lee Nissan Skyline GT-R R34,out_of_stock
IN64-R34-MJADE,Inno64 Nissan GT-R (R35) Millenium Jade,out_of_stock
IN64-400R-SIL,Inno64 Nissan Skyline GT-R (R33) Nismo 400R Sonic Silver,out_of_stock
IN64-R35NSE-STGR,Inno64 Nissan Skyline GT-R (R35) NISMO Special Edition 2022 Stealth Gray,out_of_stock
IN64-LBWKF40-TAS24,Inno64 LBWK F40 Tokyo Auto Salon 2024,out_of_stock
IN64-R34TS-MDX24,Inno64 Nissan Skyline GT-R (R34) Top Secret Malaysia Diecast Expo 2024 Special Edition,out_of_stock
IN64-R31-24JTC88,Inno64 Nissan Skyline GT-R (HR31) #24 Diesel Kiki JTC 1988,out_of_stock
IN64-R30-LH87,"Inno64 Nissan Skyline 2000 RS-X Turbo (DR30) #6 ""Leyton House"" JTC 1987",out_of_stock
IN64-S13V1-SIL,"Inno64 Nissan Silvia S13 (V1) ""Pandem / Rocket Bunny"" Silver",out_of_stock
IN64-S13V2-WHI,"Inno64 Nissan Silvia S13 (V2) ""Pandem / Rocket Bunny"" White",out_of_stock
IN64-R34GTT-IMX22,Inno64 Nissan Skyline (R34) GT-T Magic Purple International MotorXpo Hong Kong 2022 Event Edition,out_of_stock
IN64-KPGC10-MDX23WH,Inno64 Nissan Skyline 2000 GT-R Malaysia Diecast Expo 2023 Event Edition,out_of_stock
IN64-R34-5ZFAL,"Inno64 Nissan Skyline GT-R (R34) ""5Zigen Falken"" Super Taikyu 2000 N1 Class Winner",out_of_stock
IN64-R30-AD87,Inno64 Nissan Skyline 2000 RS-X Turbo (DR30) #26 ADVAN JTC 1987,out_of_stock
IN64-240Z-BLU,Inno64 Nissan Fairlady Z (S30) Blue with Carbon Hood,out_of_stock
IN64-LBWK-RX7-01,Inno64 RX7 (FD3S) LB-Super Silhouette - Black,out_of_stock
IN64-R34-OFCRS,"Inno64 Nissan Skyline GT-R (R34) Omori Factory ""Clubman Race Spec""",out_of_stock
IN64-R35TS-MDX24,"Inno64 Nissan Skyline GT-R (R35) ""Top Secret"" Malaysia Diecast Expo 2024 Special Edition",out_of_stock
IN64-400R-LYL,Inno64 Nissan Skyline GT-R (R33) Nismo 400R Lightning Yellow,out_of_stock
IN64-R32-MB,Inno64 Nissan Skyline GT-R (R32) Matt Black The Diecast Company Special Edition,out_of_stock
IN64-R30-JTC97HMD,"Inno64 Nissan Skyline 2000 RS-X Turbo #50 ""Hasemi Motorsport Dunlop"" All Japan Touring Car Championship 197",out_of_stock
IN64-R32P-1087X,"Inno64 Nissan Skyline GT-R (R32) 1087 Rocket Bunny Racing ""Echo Gao""",out_of_stock
IN64-LBWKF40-CHS,Inno64 LBWK (F40) Chrome Silver,out_of_stock
IN64-R34RT-BCH,Inno64 Nissan Skyline GT-R (R34) Nismo R-Tune Black Chrome Hobby Expo China 2023 Event Edition,out_of_stock
IN64-R34RT-SCH,Inno64 Nissan Skyline GT-R (R34) Nismo R-Tune Silver Chrome Hobby Expo China 2023 Event Edition,out_of_stock
IN64-LBWKR35-AIT24,Inno64 LB-Silhouette Works GT Nissan R35GT-RR All In Tuning 2024 Event Edition,out_of_stock
IN64-LBWKR35-AIT24,Inno64 LB-Silhouette Works GT Nissan R35GT-RR All In Tuning 2024 Event Edition - Chase,out_of_stock
IN64-KPGC10-MDX23SET,Inno64 Nissan Skyline 2000 GT-R Malaysia Diecast Expo 2023 Box Set Edition,out_of_stock
IN64-1600GT-NGP72-BS,Inno64 Toyota Celica 1600GT TA22 #67 & #68 Nippon Grand Prix 1972 Box Set Collection,out_of_stock
T64-051-TEST,Tarmac Works Toyota Supra GT Test Car,out_of_stock
IN64-LBWK-RX7-03,Inno64 LBWK RX-7 FD3S LB-Super Silhouette Blue,out_of_stock
KHMG129,Kaido House Nissan Skyline GT-R R33 HKS V1,in_stock
KHMG131,Kaido House Datsun 510 Kaido Racing V2,out_of_stock
MGT00733-MJ,MINI GT Lamborghini Countach LP 800-4 Giallo Orion,out_of_stock
MGT00707-MJ,MINI GT Porsche 901 1963 Quickblau Blue,out_of_stock
MGT-00649-MJ,MINI GT Nissan LB Super Silhouette S15 Silvia ADVAN,in_stock
MGT-00661-MJ,MINI GT Bugatti Divo White,out_of_stock
MGT00644-MJ,MINI GT Bugatti EB110 GT Blue,in_stock
MGT-00690-L,MINI GT 1:64 Japan Exclusive Lamborghini Huracán GT3 EVO2 #88 “JLOC Lamborghini GT3”,out_of_stock
MGT00622-MJ,MINI GT Ford GT '64 Prototype Heritage Edition White,out_of_stock
MGT-00687-MJ,MINI GT 1:64 Lamborghini Huracan GT3 EVO2 Presentation,out_of_stock
MGT-00702-MJ,MINI GT 1:64 Nissan Skyline Kenmeri Liberty Walk White,out_of_stock
MGT-00709-MJ,MINI GT BMW M Hybrid V8 #25 2023 IMSA Sebring 12hrs,out_of_stock
T64S-003-94LM,Tarmac Works Schuco Porsche 911 RSR 3.8 Le Man 1994 #52,out_of_stock
T64-079-79LM41,Tarmac Works Porsche 935 K3 24h of Le Mans 1979 Winner,out_of_stock
KHMG131,Kaido House Datsun 510 Kaido Racing V2 - Chase Car,out_of_stock
T64G-023-HK2,Tarmac Works Vertex Nissan Silvia S15 Hello Kitty Special Edition - Indonesia Exclusive,out_of_stock
MGT00886-BL,MINI GT 1:64 Lamborghini Revuelto - Giallo Yellow,in_stock
MGT00714-BL,Mini GT 1:64 Nissan Silvia (S15) Top Secret D1GP - Gold,out_of_stock
MGT00887-BL,MINI GT 1:64 Lamborghini Aventador SVJ 63 Roadster - Verde Shock,out_of_stock
MGT00891-BL,MINI GT Porsche 911 Dakar – Ice Gray Metallic,in_stock
MGT00889-BL,MINI GT Porsche 911 GT3 R #77 AO Racing 2024 IMSA Daytona 24 Hrs,out_of_stock
KHMG175,Kaido House Nissan Skyline 2000GT-R Kaido Street V1 - Red,in_stock
KHMG173,Kaido House Honda NSX Kaido Racing V2 - Purple,in_stock
T64G-060-WB,Tarmac Works Toyota Sprinter Trueno AE86 Widebody by Jon Sibal with Trading Cards,out_of_stock
T64G-TL014-OR,Tarmac Works Pagani Huayra BC Limited Edition – Arancio Saint Tropez,in_stock
T64G-025-FA,Tarmac Works VERTEX Nissan Silvia (S13) Falken Limited Edition – Blue,in_stock
KHMG172,Kaido House Nissan Fairlady Z Kaido GT ADVAN,in_stock
KHMG165,Kaido House Nissan Skyline 2000GT-R Kaido Works V1 - Silver,out_of_stock
MGT00872-BL,MINI GT Porsche 911 GT3 R #80 AO Racing 2024 IMSA VIRginia Roxy,out_of_stock
MGT00801-BL,MINI GT Porsche 911 Carrera RS 2.7 Grand Prix White with Green Livery,in_stock
MGT00869-R,MINI GT Nissan Skyline GT-R (R32) Nismo Gunmetal W/ Matsuda Figure,in_stock
MGT00854-BL,MINI GT Chevrolet Corvette Z06 GT3.R #3 Pratt Miller Motorsports 2024 IMSA Daytona 24 Hrs,out_of_stock
MGT00841-BL,MINI GT McLaren 720 LB-Works - Purple,preorder
MGT00785-BL,MINI GT Mazda RX-7 LB-Super Silhouette Liberty Walk - Black,in_stock
MGT00773-MJ,MINI GT Mazda RX-7 LB-Super Silhouette #41 Numero Reserve,in_stock
MGT00827-BL,MINI GT Porsche 911 992 GT3 RS Tribute to Carrera RS Package,out_of_stock
MGT00843-BL,MINI GT Nissan Skyline LB-ER34 Super Silhouette Limited Edition,out_of_stock
MGT00858-BL,Mini GT Nissan LB-Super Silhouette S15 SILVIA LBWK 2024 Fausto Racing,in_stock
MGT00852-BL,MINI GT Mercedes-Benz 190E 2.5-16 Evolution II - Astral Silver,out_of_stock
MGT00859-BL,MINI GT Nissan Skyline GT-R Nismo GT3 #56 Realize Mechanic Challenge Kondo Racing 2023 Super GT Series,in_stock
MGT00860-BL,MINI GT Nissan Skyline GT-R Nismo GT3 #10 Ponos Gainer 2023 Super GT Series,in_stock
IN64-R33-LMLTD,Inno64 Nissan Skyline GT-R (R33) LM Limited,out_of_stock
T64R-TL054-GY,Tarmac Works Porsche 993 Remastered by Gunther Werks - Grey,out_of_stock
T64-057-NO,Tarmac Works Porsche RWB 997 Notting Hill - Yellow,out_of_stock
KHMG118,Kaido House Nissan Fairlady Z HKS,out_of_stock
T64R-075-RE,Tarmac Works Ferrari F40 LM - Red,out_of_stock
T64-076-94IGT01,Tarmac Works Ferrari F40 GT Italian Championship 1994 White,out_of_stock
T64-075-94LM29,Tarmac Works Ferrari F40 LM 24 Hours of Le Mans #29 1994,in_stock
MGT-00761-MJ,MINI GT Honda NSX GT3 EVO Alpha Tauri 2023 Yuki Tsunoda,out_of_stock
MGT00746-MJ,MINI GT Lamborghini Huracan STO Viola Pasifae - Purple,in_stock
T64-043-SOUZA,Tarmac Works Audi R8 LMS 2019 GT World Challenge Asia Esports Championship,out_of_stock
IN64-240Z-ENEOS,Inno64 Datsun 240Z ENEOS SEMA 2018 - White,out_of_stock
MGT00622-MJC,MINI GT Ford GT '64 Prototype Heritage Edition White - Chase,out_of_stock
MGT00707-MJC,MINI GT Porsche 901 1963 Quickblau Blue - Chase,out_of_stock
MGT00661-MJC,MINI GT Bugatti Divo White - Chase,out_of_stock
MGT-00644-MJC,MINI GT Bugatti EB110 GT Blue - Chase,out_of_stock
MGT00702-MJC,MINI GT 1:64 Nissan Skyline Kenmeri Liberty Walk White - Chase,out_of_stock
MGT00649-MJC,MINI GT Nissan LB Super Silhouette S15 Silvia ADVAN - Chase,out_of_stock
MGT00733-MJC,MINI GT Lamborghini Countach LP 800-4 Giallo Orion - Chase,out_of_stock
MGT00687-MJC,MINI GT 1:64 Lamborghini Huracán GT3 EVO2 Presentation - Chase,out_of_stock
MGT00746-MJC,MINI GT Lamborghini Huracan STO Viola Pasifae - Chase,out_of_stock
KHMG129C,Kaido House Nissan Skyline GT-R R33 HKS V1 - Chase,out_of_stock
T64S-003-94LMC,Tarmac Works Schuco Porsche 911 RSR 3.8 Le Man 1994 - Chase,out_of_stock
MGT00788-BL,MINI GT Lamborghini Huracan STO Bianco Asopo,out_of_stock
MGT00895-BL,MINI GT 1:64 Nissan LB-Super Silhouette S15 SILVIA #555 2023 Formula Drift Japan,in_stock
MGT00898-BL,MINI GT Ford Mustang GT3 #64 Ford Multimatic Motorsports 2024 IMSA Daytona 24Hrs,preorder
IN64-R89C-LMT1988,Inno64 Nissan R89C Le Mans Shakedown Test Paul Ricard 1988,out_of_stock
IN64-AE86PL-GRN,"Inno64 Toyota AE86 Levin ""Pandem Rocket Bunny"" Green",in_stock
IN64-R33P-PPL,"Inno64 Nissan Skyline GT-R R33 ""Pandem Rocket Bunny"" Purple",out_of_stock
T64-084-23NUR44,Tarmac Works Porsche 911 GT3 R #44 Nurburgring 24h 2023,out_of_stock
T64-079-K3V,Tarmac Works Bisimoto Porsche 935 K3V with Trading Cards - Pink,in_stock
KHMG129,Kaido House Nissan Skyline GT-R R33 HKS V1 - Open Box,out_of_stock
MGT00955-BL,MINI GT Bentley Flying Spur - Monaco Yellow,in_stock
MGT00954-BL,MINI GT Aston Martin DB5 - Sierra Blue,in_stock
MGT00956-BL,MINI GT Toyota GR86 HKS Type R ADVAN - 2022 Tokyo Auto Salon,in_stock
MGT00844-BL,MINI GT Nissan LB-ER34 Super Silhouette Skyline - Black,out_of_stock
MGT00695-MJ,MINI GT Porsche 901 1963 Signal Red,in_stock
MGT00695-MJC,MINI GT Porsche 901 1963 Signal Red - Chase,out_of_stock
MGT00675-MJ,MINI GT Porsche 911 GT3 Touring - Crayon,out_of_stock
MGT00675-MJC,MINI GT Porsche 911 GT3 Touring - Crayon - Chase,out_of_stock
MGT00785-BLC,MINI GT Mazda RX-7 LB-Super Silhouette Liberty Walk - Black - Chase,in_stock
MGT00735-MJ,MINI GT Porsche 911 Turbo S 2023 IMSA Daytona 24 Hrs Safety Car,out_of_stock
MGT00735-MJC,MINI GT Porsche 911 Turbo S 2023 IMSA Daytona 24 Hrs Safety Car - Chase,out_of_stock
MGT00024-MJ,MINI GT Honda Civic Type R Time Attack 2018 - Red,out_of_stock
MGT00745-MJ,MINI GT Cadillac V-Series.R #31 2023 IMSA Sebring 12Hrs. Winner Whelen Engineering,in_stock
MGT00052-MJ,MINI GT Acura NSX GT3 #86 2017 IMSA Watkins Glen,out_of_stock
MGT00052-MJC,MINI GT Acura NSX GT3 #86 2017 IMSA Watkins Glen - Chase,out_of_stock
T64-057-PN,Tarmac Works Porsche RWB 997 Toyo Tires - Pink,out_of_stock
T64-TL054-BO,Tarmac Works Porsche 993 Remastered by Gunther Werks - Blue,out_of_stock
T64-TL053-MB,Tarmac Works Old & New Porsche 997 Matte Black Shark Livery,out_of_stock
IN64-R34VS-MINES,Inno64 Nissan Skyline GT-R (R34) V-SPEC N1 Tuned by MINE'S - White,out_of_stock
IN64-NSXP-TKT,"Inno64 Honda NSX (NA) Rocket Bunny V2 Aero ""Takata Dome""",out_of_stock
KHMG006,Kaido House Datsun 510 Pro Street BRE #46 V2,out_of_stock
KHMG027,Kaido House Datsun 510 Wagon BRE #46 V2,out_of_stock
KHMG027,Kaido House Datsun 510 Wagon BRE #46 V2 - Chase,out_of_stock
T64S-004-REP,Tarmac Works Schuco Porsche 911 GT2 24h LE MANS 1995 #91,out_of_stock
T64G-057-89DTM01,Tarmac Works Mercedes-Benz 190 E 2.5-16 EVO 1 DTM 1989 Klaus Ludwig,in_stock
T64G-061-ADV,Tarmac Works Nissan Skyline GT-R R32 ADVAN Widebody Jon Sibal 2024 JCCS,out_of_stock
T64G-061-MP,Tarmac Works Nissan Skyline R32 Widebody Jon Sibal – Midnight Purple,out_of_stock
T64-084-23DTM24,Tarmac Works Porsche 911 GT3 R DTM 2023 Ayhancan Güven #24,out_of_stock
T64-067-95LM23,Tarmac Works Nissan NISMO GT-R LM 24h of Le Mans 1995 Presentation K. Hoshino / T. Suzuki / M. Kageyama,in_stock
T64-072-19GUF46,Tarmac Works Ferrari 488 GT3 Gulf 12 Hours 2019 V. Rossi / A. Salucci / L. Marini,out_of_stock
T64R-052-LB,Tarmac Works Datsun 510 – Light Blue,in_stock
MGT00961-BL,MINI GT Toyota Supra A80 Top Secret GT-300 Gold,out_of_stock
MGT00964-BL,"MINI GT Porsche 911 Dakar ""Rally 1978"" Ice Grey Metallic",in_stock
MGT00962-BL,MINI GT Mercedes-Maybach S680 Gold / Dark Red Metallic,out_of_stock
MGT00960-BL,MINI GT Jaguar C-X75 Silver,in_stock
MGT00963-BL,MINI GT LB-WORKS x Abas Works ABARTH 595  Red,in_stock
MGT00770-MJ,MINI GT Porsche 911 GT3 R #9 GTD PRO Pfaff Motorsports IMSA 2023 Sebring 12 Hrs. Winner,out_of_stock
MGT00773-MJC,MINI GT Mazda RX-7 LB-Super Silhouette #41 Numero Reserve - Chase,out_of_stock
MGT00776-MJ,MINI GT BMW M3 M Performance Touring Alpine White,out_of_stock
MGT00715-MJ,MINI GT Porsche 911 Carrera RS 2.7 - Grand Prix White with Blue Livery,out_of_stock
MGT00779-MJ,MINI GT Lamborghini Huracan Sterrato Verde Gea Matt,in_stock
MGT00772-MJ,MINI GT Lamborghini Huracan GT3 EVO2 #83 2023 IMSA Daytona 24 hrs Iron Dames,out_of_stock
MGT00593-BL,MINI GT Nissan GT-R NISMO GT3 #23 KCMG 2018 FIA GT World Cup Macau,in_stock
KHMG144,Kaido House Datsun KAIDO 510 Wagon HKS V1,out_of_stock
KHMG137,Kaido House Honda NSX Evasive V2 Blue,out_of_stock
KHMG138,Kaido House Datsun 510 Pro Street Anniversary Edition,out_of_stock
KHMG122,Kaido House Datsun 510 Street Nismo V2 White,out_of_stock
KHMG126,Kaido House Honda Civic EF Kaido Works V1,out_of_stock
MGT00779,MINI GT Lamborghini Huracan Sterrato Verde Gea Matt - Chase,out_of_stock
MGT00593-BLC,MINI GT Nissan GT-R NISMO GT3 #23 KCMG 2018 FIA GT World Cup Macau - Chase,out_of_stock
MGT00715-MJC,MINI GT Porsche 911 Carrera RS 2.7 - Grand Prix White with Blue Livery - Chase,in_stock
MGT00776-MJC,MINI GT BMW M3 M Performance Touring Alpine White - Chase,out_of_stock
T64-057-LO,Tarmac Works Porsche RWB 997 Lomianki Light Blue,out_of_stock
T64-084-23DTM91,Tarmac Works Porsche 911 GT3 R 2023 DTM Champion Thomas Preining - Yellow,out_of_stock
T64-062-23NUR04,Tarmac Works Mercedes-AMG GT3 #4 Nurburgring 24h 2023,out_of_stock
T64R-082-YL,Tarmac Works Ferrari F348 Challenge - Yellow,in_stock
T64G-061-ADV,Tarmac Works Nissan Skyline GT-R R32 ADVAN Widebody Jon Sibal 2024 JCCS - Chase,out_of_stock
KHMG138,Kaido House Datsun 510 Pro Street Anniversary Edition - Open Box,out_of_stock
MGT00897-BL,MINI GT BMW M3 M Performance Touring – Mint Green,out_of_stock
MGT00969-BL,MINI GT Bentley Batur – Bonneville Pearl,preorder
MGT00970-BL,MINI GT Mercedes-Benz EQS 580 4MATIC – Red Metallic,in_stock
MGT00973-BL,MINI GT McLaren 750S Spider – Cirrus Grey,in_stock
MGT00971-BL,MINI GT Nissan Skyline GT-R (R32) Veilside Combat C-I – Veilside Combat Grey,in_stock
MGT00972-BL,MINI GT Hyundai i20 N Rally1 #11 2023 Rally Croatia Power Stage Winner,preorder
KHMG148,Kaido House Honda NSX Kaido Works V2 - White,in_stock
KHMG143,Kaido House Nissan Skyline GT-R (R34) Kaido Works Shinjuku V1,out_of_stock
T64-062-22MGP77,Tarmac Works Mercedes-AMG GT3 Jon Sibal Design Works Macau Cup 2022 Winner,out_of_stock
IN64-R35TS-TAS2021,"Inno64 Nissan Skyline GT-R (R35) ""Top Secret"" Tokyo Auto Salon 2021",out_of_stock
MGT00761-MJC,MINI GT Honda NSX GT3 EVO Alpha Tauri 2023 Yuki Tsunoda - Chase,out_of_stock
MGT00716-MJ,MINI GT Cadillac V-Series.R #2 2023 IMSA Le Mans 24Hrs. 3rd Place,in_stock
MGT00758-MJ,MINI GT Ford Mustang Shelby GT500 Heritage Edition,out_of_stock
MGT00551-MJ,MINI GT F1 Red Bull Racing RB18 #11 Sergio Perez 2022 Monaco Grand Prix Winner,out_of_stock
T64G-F041-DR2,Tarmac Works McLaren MCL36 Japanese Grand Prix 2022 Daniel Ricciardo,out_of_stock
T64G-F041-DR3,Tarmac Works McLaren MCL36 Abu Dhabi Grand Prix 2022 Daniel Ricciardo,out_of_stock
T64G-F044-LH3,Tarmac Works Mercedes-AMG F1 W13 E Performance Belgian Grand Prix 2022 Lewis Hamilton,out_of_stock
MGT00978-BL,MINI GT Toyota Supra Veilside Combat Grey V-II,out_of_stock
MGT00975-BL,MINI GT Subaru Impreza WRC98 1998 Rally Monte Carlo Colin McRae #3,out_of_stock
MGT00983-BL,MINI GT Mazda RX-7 FD3S LB Super Silhouette ADVAN,in_stock
MGT00976-BL,MINI GT Lamborghini Countach LP 800-4 Verde Medio,in_stock
MGT00984-BL,MINI GT McLaren 720S GT3 Evo Pfaff Motorsports 2024 IMSA Daytona,out_of_stock
T64R-TL054-RE,Tarmac Works Porsche 993 Remastered by Gunther Werks - Red,out_of_stock
T64-046-V1,Tarmac Works Porsche RWB Backdate Violetta Idlers 12 Hours 2016,out_of_stock
KHMG110,Kaido House Datsun 510 Pro Street Full Carbon V1,out_of_stock
IN64-AE86N2-TECART,Inno64 Toyota Sprinter Trueno AE86 N2 Project by TEC-ART's,out_of_stock
IN64-LBWK-RX7-04,Inno64 LBWK RX-7 FD3S LB-Super Silhouette Malaysia Diecast Expo 2024,out_of_stock
IN64-LBWKF40-CHB,Inno64 Liberty Walk F40 Chrome Black,out_of_stock
MGT00803-BL,MINI GT 1:64 Lamborghini Aventador SVJ 63 Roadster - Nero Aldebaran,out_of_stock
MGT00820-BL,MINI GT Toyota GR86 - Larry Chen's HKS Turbocharged GR86,out_of_stock
T64G-042-SC,Tarmac Works Mercedes-Benz AMG GT Black Series Safety Car,out_of_stock
T64G-042-SC,Tarmac Works Mercedes-Benz AMG GT Black Series Safety Car - Chase,out_of_stock
MGT00820-BLC,MINI GT Toyota GR86 - Larry Chen's HKS Turbocharged GR86 - Chase,out_of_stock
MGT00781-BL,MINI GT Nissan Silvia S15 LB-Super Silhouette Auto Finesse SEMA 2023,out_of_stock
MGT00781-BLC,MINI GT Nissan Silvia S15 LB-Super Silhouette Auto Finesse SEMA 2023 - Chase,out_of_stock
MGT00755-L,MINI GT Nissan Z GT500 #230 2021 NISMO Presentation,out_of_stock
MGT00801-BLC,MINI GT Porsche 911 Carrera RS 2.7 Grand Prix White with Green Livery - Chase,out_of_stock
T64G-060-TRD,Tarmac Works Toyota Sprinter Trueno AE86 Widebody TRD by Jon Sibal,out_of_stock
T64G-060-TRD,Tarmac Works Toyota Sprinter Trueno AE86 Widebody TRD by Jon Sibal - Chase,out_of_stock
MGT00857-BL,MINI GT Nissan Silvia S15 D-Max Racing #46 2023 D1 Grand Prix Limited Edition Japan Exclusive,in_stock
KHMG164,Kaido House Datsun KAIDO 510 Wagon OG Flow - Chrome Yellow,out_of_stock
KHMG180,Kaido House Toyota AE86 Sprinter Trueno Kaido Street V1 - White,out_of_stock
KHMG179,Kaido House Honda Civic EF Kaido Roulette V1 - Light Blue,out_of_stock
T64-037-SL,Tarmac Works Porsche RWB 964 - Silver,out_of_stock
KHMG005,Kaido House Datsun 510 Pro Street BRE #46 V1,out_of_stock
IN64-LBWKF40-CHB,Inno64 Liberty Walk F40 Chrome Black - Chase (Chrome Blue),out_of_stock
IN64-LBWK-RX7-04,Inno64 LBWK RX-7 FD3S LB-Super Silhouette Malaysia Diecast Expo 2024 - Chase,out_of_stock
MGT00878-L,MINI GT Honda S2000 American Honda Collection Hall 2024 Event Exclusive,out_of_stock
IN64-LBWK-RX7-05,Inno64 RX7 (FD3S) LB-Super Silhouette ADVAN,in_stock
T64-074-16SPA49,Tarmac Works Ferrari 458 Italia GT3 24h of Spa 2016,out_of_stock
T64-075-95LM40,Tarmac Works Ferrari F40 24h of Le Mans 1995,out_of_stock
KHMG121,Kaido House Datsun 510 Wagon 4X4 Offroad V1,out_of_stock
MGT00900-007E,MINI GT Aston Martin DB5 James Bond 007 Goldfinger – English – Limited Edition,out_of_stock
T64G-060-WB,Tarmac Works Toyota Sprinter Trueno AE86 Widebody by Jon Sibal with Trading Card - Chase,out_of_stock
MGT00993-BL,MINI GT McLaren 720S GT3 EVO Pfaff Motorsports 2024 IMSA Laguna Seca,out_of_stock
MGT00996-BL,MINI GT Mazda RX-7 FD3S Itosyoukai Rei-gouki RE Amemiya,in_stock
MGT00985-BL,MINI GT Nissan Z VeilSide FFZ400 - Gold Chrome,out_of_stock
MGT00958-BL,MINI GT Porsche 911 Dakar – Black,out_of_stock
MGT00986-L,"MINI GT Subaru Impreza WRC99 #5 Richard Burns, Robert Reid 1999 Australia Winner",out_of_stock
KHMG127,Kaido House Chevrolet Silverado Dually on Fire V1,in_stock
KHMG130,Kaido House Chevrolet Silverado Tamiya x Kaido House “CLOD BUSTER”,in_stock
KHMG145,Kaido House Chevrolet Silverado KAIDO Vintage Spec V1,out_of_stock
T64G-060-GR,Tarmac Works Toyota Sprinter Trueno AE86 Widebody by Jon Sibal - Green,in_stock
MGT01002-BL,MINI GT Bugatti EB110 Super Sport - Grigio Scuro,in_stock
MGT01003-BL,MINI GT Nissan Skyline GT-R (R34) V-Spec II Nür - Millenium Jade,in_stock
MGT00990-BL,MINI GT Mazda RX-7 LB-Super Silhouette 787B,out_of_stock
MGT00998-BL,MINI GT BMW Z8 - Silver,out_of_stock
MGT00999-BL,MINI GT Aston Martin AMR24 #14 Fernando Alonso F1 2024 Bahrain GP,out_of_stock
MGT01005-BL,MINI GT Toyota GR86 HKS Type R 2022 Tokyo Auto Salon,in_stock
MGT00957-BL,MINI GT Ford Mustang Dark Horse 2024 - Carbonized Gray,preorder
MGT00987-BL,MINI GT Nissan Skyline GT-R (R32) Veilside Combat C-I – Gem Red,in_stock
MGT01004-BL,MINI GT Cadillac V-Series.R #01 Cadillac Racing 2024 IMSA Sebring 12Hrs,out_of_stock
MGT01007-BL,MINI GT Red Bull RB VCARB 01 #22 Yuki Tsunoda 2024 F1 Bahrain GP,in_stock
KHMG157,Kaido House Chevrolet Silverado Dually on Fire V2,out_of_stock
KHMG149,Kaido House Datsun 510 Wagon 4X4 Offroad V2,in_stock
KHMG162,Kaido House BMW M3 Kaido GT V1,out_of_stock
MGT00793-BL,MINI GT Porsche 911 GT3 R #27 2023 FIA GT World Cup 70th Macau Grand Prix HubAuto Racing,out_of_stock
T64-084-23DTM09,Tarmac Works Porsche 911 GT3 R DTM 2023 #9,out_of_stock
KHMG162,Kaido House BMW M3 Kaido GT V1 - Chase,out_of_stock
KHMG149,Kaido House Datsun 510 Wagon 4X4 Offroad V2 - Chase,out_of_stock
KHMG157,Kaido House Chevrolet Silverado Dually on Fire V2 - Chase,out_of_stock
KHMG192,Kaido House Chevrolet Silverado Dually Vintage Spec V1,preorder
KHMG191,Kaido House Nissan Skyline GT-R (R33) Kaido Works ADVAN,preorder
KHMG190,Kaido House Honda NSX Kaido Test Car Spec V1 Dai Yoshihara,in_stock
KHMG195,Kaido House Nissan Skyline 2000GT-R (KPGC10) Kaido Racing V1,out_of_stock
MGT01010-BL,MINI GT Cadillac V-Series.R #01 Cadillac Racing 2024 IMSA Petit Le Mans,out_of_stock
MGT01011-BL,MINI GT Mazda RX-7 LB-Super Silhouette IMSA,in_stock
MGT00989-BL,MINI GT Nissan Z VeilSide FFZ400 - Orange,in_stock
MGT01012-BL,MINI GT Ford Mustang GT3 #65 Ford Multimatic Motorsports 2024 IMSA Daytona 24Hrs,preorder
MGT01024-BL,MINI GT Nissan Skyline GT-R (NISMO BNR32 CRS Version) - Dark Metal Gray,in_stock
MGT00866-BL,MINI GT Bugatti EB110 Super Sport Giallo,in_stock
MGT00804-BL,MINI GT Porsche 911 GT3 R #28 2023 FIA GT World Cup 70th Macau Grand Prix HubAuto Racing,out_of_stock
MGT00843-BLC,MINI GT Nissan Skyline LB-ER34 Super Silhouette Limited Edition - Chase,out_of_stock
MGT00866-BLC,MINI GT Bugatti EB110 Super Sport Giallo - Chase,out_of_stock
T64G-TL014-OR,Tarmac Works Pagani Huayra BC Limited Edition – Arancio Saint Tropez - Chase,in_stock
KHMG150,Kaido House Nissan Skyline GT-R R33 Imai Racing V1 Green,in_stock
KHMG150,Kaido House Nissan Skyline GT-R R33 Imai Racing V1 - Chase,out_of_stock
KHMG148,Kaido House Honda NSX Kaido Works V2 - Chase,out_of_stock
MGT00762-MJ,MINI GT Nissan Skyline GT-R R34 V-Spec Lightning Yellow,in_stock
MGT00762-MJC,MINI GT Nissan Skyline GT-R R34 V-Spec Lighting Yellow - Chase,out_of_stock
MGT00796-BL,MINI GT Nissan Skyline GT-R R34 V-Spec Active Red,in_stock
MGT00796-BLC,MINI GT Nissan Skyline GT-R R34 V-Spec Active Red - Chase,out_of_stock
KHMG139,Kaido House Honda Civic EF Kanjo V1,in_stock
T64R-040-WH,Tarmac Works Mercedes-AMG G 63 Edition 55 - White,out_of_stock
T64-071-23LM57,Tarmac Works Ferrari 488 GTE 24h of Le Mans 2023,in_stock
MGT01051-BL,MINI GT Abarth 595 LB-WORKS x Abas Works IZTK,in_stock
MGT01045-BL,MINI GT Nissan Skyline GT-R Nismo 2024 - Brilliant White Pearl,in_stock
MGT01046-BL,"MINI GT Mazda RX-7 RE-Amemiya 20B NA 3ROTOR-7 ""Ama-san Go""",in_stock
MGT01049-BL,MINI GT F1 Kick Sauber C44 #77 Valtteri Bottas 2024 Chinese GP,preorder
KHMG161,Kaido House Datsun 510 Pro Street Buta V1 - Pink,in_stock
KHMG196,Kaido House Toyota AE86 Sprinter Trueno Kaido Racing V1 - Blue,in_stock
KHMG194,Kaido House BMW M3 Kaido KW V1 - Purple,in_stock
KHMG197,Kaido House Nissan Skyline GT-R (R34) Kaido Star Racing V1 - Silver,preorder
KHMG199,Kaido House BBS Tent V1,out_of_stock
T64G-TL017-OR,Tarmac Works Koenigsegg Regera - Orange Metallic,in_stock
T64G-062-BL,Tarmac Works Nissan Fairlady Z S30 Widebody By Jon Sibal – Blue,in_stock
T64S-019-84LM47,Tarmac Works 1:64 Porsche 956 Le Mans 1984 #47,preorder
T64-082-PRE,Tarmac Works Ferrari 348 Challenge Presentation,out_of_stock
T64R-073-YL,Tarmac Works Ferrari 458 Italia GT3 - Yellow,out_of_stock
IN64-LBWKRX3-01,Inno64 LBWK RX-3 Savanna,out_of_stock
IN64-R34VS-MINES-BL,Inno64 Nissan Skyline GT-R (R34) V-SPEC Tuned by MINE'S - Blue,out_of_stock
IN64-LBWKR35-FC,Inno64 LB-Silhouette Works GT Nissan R35GT-RR,out_of_stock
MGT00683-MJ,MINI GT BMW M4 CSL - Alpine White,out_of_stock
MGT00763-MJ,MINI GT Lamborghini Huracan Sterrato Bianco Asopo,in_stock
MGT00763-MJC,MINI GT Lamborghini Huracan Sterrato Bianco Asopo - Chase,out_of_stock
MGT00313-MJ,MINI GT Ford GT 2021 Heritage Edition,out_of_stock
MGT00313-MJC,MINI GT Ford GT 2021 Heritage Edition - Chase,out_of_stock
MGT01009-BL,MINI GT Porsche 911 Dakar Rally 1974 – White,in_stock
MGT01060-BL,MINI GT Porsche 911 992 GT3 RS Weissach Package – Guards Red,preorder
MGT01065-BL,MINI GT Aston Martin DBS - Hyper Red,out_of_stock
MGT01056-BL,MINI GT Acura ARX-06 GTP #10 Wayne Taylor Racing 2024 IMSA Daytona 24 Hrs,in_stock
MGT01054-BL,MINI GT Nissan LB-Super Silhouette S15 SILVIA ATHLETE – White,out_of_stock
MGT01055-BL,MINI GT LB★WORKS Lamborghini Huracan GT GRAVITY – Blue,out_of_stock
T64G-061-ADV,Tarmac Works Nissan Skyline GT-R R32 ADVAN Widebody Jon Sibal 2024 JCCS - Open Box,out_of_stock
KHMG158,Kaido House Nissan Skyline GT-R (R34) Kaido Works Shinjuku V2,out_of_stock
KHMG160,Kaido House Chevrolet Silverado KAIDO V2,out_of_stock
T64R-TL053-GRY,Tarmac Works Old & New Porsche 997 Gray Metallic,in_stock
T64-072-23MGP52,Tarmac Works Ferrari 488 GT3 Macau GT Cup - 2023 Harmony Racing Chen Weian,out_of_stock
T64-TL057-BK,Tarmac Works Porsche RWB 997 - Black,out_of_stock
KHMG158,Kaido House Nissan Skyline GT-R (R34) Kaido Works Shinjuku V2 - Chase,out_of_stock
KHMG160,Kaido House Chevrolet Silverado KAIDO V2 - Chase,out_of_stock
KHMG165,Kaido House Nissan Skyline 2000GT-R Kaido Works V1 - Silver - Chase,out_of_stock
KHMG138,Kaido House Datsun 510 Pro Street Anniversary Edition - Chase,out_of_stock
KHMG118,Kaido House Nissan Fairlady Z HKS - Chase,out_of_stock
MGT00885-BL,MINI GT Toyota GR86 LB-Nation - Red,in_stock
MGT00873-BL,MINI GT Toyota GR86 LB-Nation - Baby Blue,in_stock
MGT00845-BL,MINI GT BMW M4 Competition (G82) - Portimao Blue Limited Edition,out_of_stock
MGT00865-BL,MINI GT Lamborghini Countach LPI 800-4 Viola 30th,in_stock
MGT00867-BL,MINI GT Bentley Flying Spur - White Sand Verdant,in_stock
MGT00726-MJ,MINI GT AlphaTauri AT04 #22 Yuki Tsunoda 2023 F1 2023 Australian GP,in_stock
MGT00727-MJ,MINI GT AlphaTauri AT04 #21 Nyck de Vries 2023 F1 2023 Australian GP,in_stock
MGT00899-BL,MINI GT Volkswagen ID. Buzz Prototype “Rainbow”,in_stock
KHMG156,Kaido House Honda Civic EF Kaido Works V2 - M Red,in_stock
MGT00865-BLC,MINI GT Lamborghini Countach LPI 800-4 Viola 30th - Chase,out_of_stock
MGT00867-BLC,MINI GT Bentley Flying Spur - White Sand Verdant  - Chase,out_of_stock
MGT00845-BLC,MINI GT BMW M4 Competition (G82) - Portimao Blue Limited Edition - Chase,out_of_stock
MGT00899-BLC,MINI GT Volkswagen ID. Buzz Prototype “Rainbow” - Chase,out_of_stock
KHMG156,Kaido House Honda Civic EF Kaido Works V2 - M Red - Chase,out_of_stock
KHMG145,Kaido House Chevrolet Silverado KAIDO Vintage Spec V1 - Chase,out_of_stock
KHMG130,Kaido House Chevrolet Silverado Tamiya x Kaido House “CLOD BUSTER” - Chase,out_of_stock
KHMG122,Kaido House Datsun 510 Street Nismo V2 White - Chase,out_of_stock
MGT01057-BL,MINI GT Mazda RX-7 Veilside - Fortune Grey,out_of_stock
MGT01059-BL,MINI GT Nissan LB-ER34 Super Silhouette ATHLETE/COLLET – White,out_of_stock
MGT01058-BL,MINI GT Bugatti W16 – Mistral Black,in_stock
MGT01061-BL,MINI GT Volkswagen ID. Buzz - Candy White / Energetic Orange,in_stock
MGT01062-BL,MINI GT Lamborghini Huracan GT3 EVO2 #78 Forte Racing 2024 IMSA Daytona 24 Hrs,out_of_stock
MGT01069-BL,MINI GT Mazda Miata MX-5 (NA) Tuned Version – Dark Blue,out_of_stock
KHMG118,Kaido House Nissan Fairlady Z HKS - Open Box,out_of_stock
KHMG130,Kaido House Chevrolet Silverado Tamiya x Kaido House “CLOD BUSTER” - Open Box,out_of_stock
KHMG145,Kaido House Chevrolet Silverado KAIDO Vintage Spec V1 - Open Box,out_of_stock
MGT00847-BL,MINI GT Ford Mustang LB-Works - LB Gold Limited Edition,out_of_stock
MGT00816-BL,MINI GT Lamborghini SC63 #63 Iron lynx 2024 IMSA Sebring 12 Hrs,out_of_stock
MGT00717-BL,MINI GT Porsche 911 1964 – Slate Grey,in_stock
MGT00809-BL,MINI GT LB-WORKS x Abas Works ABARTH 595 Gara White,in_stock
MGT00815-BL,MINI GT McLaren 750S – Saros Grey,in_stock
MGT00835-BL,MINI GT F1 Red Bull RB16B #33 Max Verstappen 2021 Abu Dhabi Grand Prix Winner – Limited Edition,out_of_stock
MGT00874-BL,MINI GT Lincoln Capri Hot Rod 1954 “Shadow Puppet” Mizu Diecast,in_stock
MGT00874-BLC,MINI GT Lincoln Capri Hot Rod 1954 “Shadow Puppet” Mizu Diecast - Chase,out_of_stock
MGT00815-BLC,MINI GT McLaren 750S – Saros Grey - Chase,out_of_stock
MGT00809-BLC,MINI GT LB-WORKS x Abas Works ABARTH 595 Gara White - Chase,out_of_stock
MGT00717-BLC,MINI GT Porsche 911 1964 – Slate Grey - Chase,out_of_stock
MGT00847-BLC,MINI GT Ford Mustang LB-Works - LB Gold Limited Edition - Chase,out_of_stock
KHMG218,Kaido House Toyota AE86 Sprinter Trueno Kaido Street V2- White,preorder
KHMG216,Kaido House BMW M3 Kaido GT V2 - Purple,in_stock
KHMG210,Kaido House Datsun KAIDO 510 Wagon 4×4 Kaido ISLANDS V1 - Orange,out_of_stock
KHMG211,Kaido House Nissan Skyline 2000GT-R (KPGC10) Kaido Works V2 – White,in_stock
KHMG099,Kaido House Chevrolet Silverado Kaido Works V2 - Blue - Chase,out_of_stock
KHMG084,Kaido House Chevrolet Silverado Dually Kaido V1 - Purple - Chase,out_of_stock
KHMG066,Kaido House Chevrolet Silverado Kaido V1 - Red - Chase,out_of_stock
KHMG153,Kaido House Chevrolet Silverado Mizu Diecast Chevrolet Silverado “Sumatran Rhino”,out_of_stock
MGT00849-BL,MINI GT Nissan Z GT500 #1 “MARELLI IMPUL Z” TEAM IMPUL 2023 SUPER GT Series,in_stock
MGT00851-BL,MINI GT ABARTH 595 LB-WORKS x Abas Works – Pink,in_stock
MGT00848-BL,MINI GT Honda NSX-GT “Type S” GT500 #16 “Red Bull MOTUL MUGEN NSX-GT” TEAM Red Bull MUGEN 2022 SUPER GT Series,in_stock
MGT00813-BL,MINI GT Lamborghini Huracan GT3 EVO2 #63 Iron Lynx IMSA 2023 Daytona 24 Hrs,out_of_stock
MGT00903-007E,MINI GT Jaguar C-X75 James Bond 007 Spectre – English Packaging – Limited Edition,in_stock
KHMG091,Kaido House Datsun 510 Street Nismo V1 Pink,out_of_stock
MGT01067-BL,MINI GT Toyota Supra A80 Top Secret GT-300 - Purple,in_stock
MGT01066-BL,MINI GT Nissan Skyline GT-R (R32) Veilside Combat C-I - White,in_stock
MGT01063-BL,MINI GT Bugatti Bolide Presentation,preorder
MGT01068-BL,MINI GT Porsche 911 Dakar “Mr. Dakar” - Silver,in_stock
MGT01070-BL,MINI GT Jaguar C-X75 - Black,in_stock
MGT00823-BL,MINI GT Nissan LB-Super Silhouette S15 SILVIA #555 V2 2024 Formula Drift Japan,in_stock
MGT00891-BLC,MINI GT Porsche 911 Dakar – Ice Gray Metallic - Chase,out_of_stock
MGT00887-BLC,MINI GT 1:64 Lamborghini Aventador SVJ 63 Roadster - Verde Shock - Chase,out_of_stock
MGT00842-BL,MINI GT 1:64 Lamborghini Aventador SVJ 63 - Bianco Asopo,out_of_stock
MGT00774-MJ,MINI GT 1:64 Lamborghini Revuelto - Arancio Dac Lucido,in_stock
MGT00765-BL,MINI GT Nissan Z GT500 #3 “Niterra MOTUL Z” NDDP RACING SUPER GT SERIES (Japan Exclusive),in_stock
T64-082-94IGT25,Tarmac Works Ferrari 348 Challenge Italian GT 1994 Oscar Larrauri,in_stock
IN64-R35TS-MP,Inno64 Nissan GT-R (R35) T-SPEC Midnight Purple,out_of_stock
IN64-MADLAB01-MADBUL,"Inno64 Mazda RX-7 (FD3S) ""PANDEM ROCKET BUNNY"" MADBUL MADLAB COLLECTION 001",in_stock
IN64-A80TS-RED,Inno64 Toyota Supra (A80) Top Secret - Red,out_of_stock
IN64-RX7FCP-PB,"Inno64 Mazda RX-7 (FC3S) ""PANDEM ROCKET BUNNY"" Purple",in_stock
T64R-074-WH,Tarmac Works Ferrari 458 Italia GT3 - White,in_stock
MGT01053-BL,MINI GT Lamborghini LB-Silhouette Works Murcielago GT- Evo Black,out_of_stock
MGT01064-BL,MINI GT Abarth 595 LB-WORKS x Abas Works Fighters – Matte Grey,in_stock
MGT01074-BL,MINI GT Ford Puma Rally1 #16 M-Sport Ford WRT 2024 Rally Finland 3rd Place,in_stock
MGT01076-BL,MINI GT Mercedes-Benz 190 E #11 Ayrton Senna 1984 Nurburgring Race of Champions w/ Figure,preorder
MGT01075-BL,MINI GT Honda NS-X Prototype Midship Sports 1989 Ayrton Senna w/ Figure,preorder
MGT01052-BL,"MINI GT Porsche 911 GT3 R #77 AO Racing 2024 IMSA Road America ""Roxy""",out_of_stock
T64R-074-RE,Tarmac Works Ferrari 458 Italia GT3 - Red,in_stock
T64R-083-YL,Tarmac Works Ferrari F355 Challenge - Yellow,in_stock
IN64-R32-ZEX91,Inno64 Nissan Skyline GT-R R32 #25 Team Zexel 24hr Spa Francorchamps 1991 Winner,out_of_stock
MGT00855-BL,MINI GT Nissan Silvia S15 D-Max Racing #70 2023 D1 Grand Prix Limited Edition Japan Exclusive,in_stock
T64G-057-TOYO,Tarmac Works Mercedes-Benz 190 E 2.5-16 EVO 1 Toyo Tires,in_stock
KHMG177,Kaido House BMW M3 KAIDOHAUS V1 - Orange,out_of_stock
KHMG222,Kaido House Nissan Skyline GT-R (R34) Kaido Works GReddy V2 - Black with Carbon,preorder
KHMG226,Kaido House Chevrolet Silverado KAIDO WORKS V3 - Dark Green,out_of_stock
KHMG229,Kaido House Datsun 510 Street Nismo V3 - Red,preorder
KHMG228,Kaido House Nissan Skyline 2000 GT-R (KPGC10) Kaido Street V2 - Yellow,in_stock
KHMG172,Kaido House Nissan Fairlady Z Kaido GT ADVAN - Chase,out_of_stock
T64G-057-TOYO,Tarmac Works Mercedes-Benz 190 E 2.5-16 EVO 1 Toyo Tires - Chase,out_of_stock
KHMG177,Kaido House BMW M3 KAIDOHAUS V1 - Orange - Chase,out_of_stock
MGT00966-BL,MINI GT Lamborghini Countach LB-WORKS - White - 2024 Tokyo Auto Salon,out_of_stock
MGT00955-BLC,MINI GT Bentley Flying Spur - Monaco Yellow - Chase,out_of_stock
MGT00960-BLC,MINI GT Jaguar C-X75 Silver - Chase,out_of_stock
MGT01081-BL,MINI GT Lamborghini Countach LB-WORKS - Black,out_of_stock
MGT01077-BL,MINI GT Ford Mustang LB-Works - Triple Yellow,in_stock
MGT01079-BL,MINI GT Honda Civic TYPE R 2024 Pace Car HRC,in_stock
MGT01078-BL,MINI GT Subaru Impreza WRC99 #23 2000 Acropolis Rally,in_stock
MGT01080-BL,MINI GT BMW M5 Touring (G99) – Marina Bay Blue Metallic,in_stock
MGT01082-BL,MINI GT BMW Z8 Alpina - Alpine Blue,in_stock
KHMG176,Kaido House Datsun 510 Street Team XMM V1 - White,in_stock
MGT00837-BL,MINI GT Acura ARX-06 GTP #40 2024 IMSA Sebring 12Hrs Winner DEX Imaging,in_stock
MGT00875,MINI GT Nissan GT-R NISMO #23 MOTUL AUTECH SUPER GT SERIES Suzuka Winner with Matsuda Figure,out_of_stock
KHMG176,Kaido House Datsun 510 Street Team XMM V1 - Chase,out_of_stock
T64G-F070-OP1,Tarmac Works McLaren MCL60 Monaco Grand Prix 2023 Oscar Piastri,in_stock
T64G-061-GDY,Tarmac Works Nissan Skyline GT-R (R32) Widebody Jonsibal & Greddy Special Limited Edition,in_stock
T64T-TL002-ONP-1,Tarmac Works Schuco Porsche 911 Carrera RSR 3.0 24h Le Mans 1974 #66 - Red,preorder
T64G-076-SL,Tarmac Works Mitsubishi Lancer GSR Evolution IV with Trading Cards - Silver,in_stock
MGT00850-BL,MINI GT Nissan Z GT500 #24 REALIZE ADVAN Z Kondo Racing 2023 Super GT Series,in_stock
MGT00968-BL,MINI GT Bugatti EB110 GT - Verde Scuro,in_stock
MGT00827-BLC,MINI GT Porsche 911 992 GT3 RS Tribute to Carrera RS Package - Chase,out_of_stock
KHMG163,Kaido House Nissan Skyline GT-R (R33) Active Carbon R V2 - Purple Carbon,out_of_stock
T64G-025-FA,Tarmac Works VERTEX Nissan Silvia (S13) Falken Limited Edition - Chase,out_of_stock
KHMG163,Kaido House Nissan Skyline GT-R (R33) Active Carbon R V2 - Purple Carbon - Chase,out_of_stock
MGT01086-BL,MINI GT BMW M5 (G90) - Isle of Man - Green Metallic,out_of_stock
MGT01022-BL,MINI GT Nissan LB-Super Silhouette S15 SILVIA GARASIDRIFT x LBWK 2025,in_stock
MGT01089-BL,MINI GT 2013 Nissan GT-R NISMO R35 CRS Version - Dark Metal Gray,in_stock
MGT01087-BL,MINI GT Lamborghini Aventador LB-WORKS Limited Edition - Matte Black,preorder
MGT01083-BL,MINI GT McLaren 720S LB-Works The Boring Concept,out_of_stock
IN64-R32TS-650R,Inno64 Nissan Skyline GT-R (BNR32) Top Secret Gold,in_stock
IN64-FK8-YL,Inno64 Honda Civic Type R (FK8) - Yellow,out_of_stock
KHMG105,Kaido House Nissan Skyline GT-R (R34) KAIDO WORKS BLKLTD - KHMG105,out_of_stock
KHMG151,Kaido House Nissan Skyline GT-R (R33) Imai Racing LTDEDN - KHMG151,in_stock
KHMG141,Kaido House Honda Civic EF Kanjo Yokohama Edition LTDEDN - KHMG141,out_of_stock
KHMG078,Kaido House Datsun KAIDO 510 Wagon Carbon Fiber Green JCCS LTDEDN - KHMG078,out_of_stock
KHMG040,Kaido House Datsun 510 Pro Street Greddy GPP Exclusive Blue - KHMG040,out_of_stock
KHMG140,Kaido House Nissan Skyline GT-R (R34) DGK x Kaido House V1 - KHMG140,out_of_stock
KHMG181,Kaido House Honda NSX Kaido Motorsports Hobby Expo China 2025 - KHMG181,out_of_stock
KHMG171,Kaido House Nissan Skyline GT-R (R33) Garage Active LTDEDN - KHMG171,out_of_stock
KHMG159,Kaido House Nissan Skyline GT-R (R34) Shinjuku V2 Aero Ghost LTDEDN - KHMG159 [SEALED],out_of_stock
KHMG214,Kaido House Toyota AE86 Sprinter Trueno Kaido ADVAN,preorder
KHMG208,Kaido House Nissan Fairlady Z Kaido GT Police,in_stock
KHMG223,Kaido House BMW M3 Kaido Touring Champ V1 - Blue/White,preorder
KHMG220,Kaido House Volkswagen T1 KAIDO WORKS V1 - Turquoise,preorder
T64-TL017-AG,Tarmac Works Porsche RWB 993 Army Girl,in_stock
T64-043-24MGP10,Tarmac Works Audi R8 LMS GT3 Evo II Kuromi – Uno Racing Macau GT Cup with Tarmac Cards,in_stock
T64-043-24MGP30,Tarmac Works Audi R8 LMS GT3 Evo II Sugo - Uno Racing Macau GT Cup with Truck and Tarmac Cards,in_stock
QZ-COMBO001,QubeCarz Series 1 Liberty Walk Assortment - Full 6 Car Set,in_stock
QZ00101-BL,QubeCarz Series 1 Nissan Skyline Kenmeri Liberty Walk Baby Blue #001,in_stock
QZ00201-BL,QubeCarz Series 1 Nissan GT-R R35 LB-Works Type 1 Rear Wing Version 1 Matte Grey #002,in_stock
QZ00301-BL,QubeCarz Series 1 Nissan GT-R R35 LB-Works Type 1 Rear Wing Version 2 LB Gold #003,in_stock
QZ00401-BL,QubeCarz Series 1 Nissan LB-ER34 Super Silhouette SKYLINE Black #004,out_of_stock
QZ00501-BL,QubeCarz Series 1 Nissan LB-Super Silhouette S15 SILVIA Liberty Walk Presentation #005,in_stock
QZ00502-BL,QubeCarz Series 1 Nissan LB-Super Silhouette S15 SILVIA Auto Finesse SEMA 2023 #006,in_stock
KHMG135,Kaido House Honda Civic EF Kaido Works BLKLTD - KHMG135,out_of_stock
MGT00767-MJ,MINI GT McLaren F1 MCL60 #4 Lando Norris 2023 F1 Japan GP 2nd Place,in_stock
MGT00768-MJ,MINI GT McLaren F1 MCL60 #81 Oscar Piastri 2023 F1 Japan GP 3rd Place,in_stock
MGT00863-BL,MINI GT BMW 3.0 CSL - White,out_of_stock
MGT00777-MJ,MINI GT McLaren 720S LB-Works - Black,out_of_stock
KHMG173,Kaido House Honda NSX Kaido Racing V2 - Purple - Chase,out_of_stock
MGT00978-BLC,MINI GT Toyota Supra Veilside Combat Grey V-II - Chase,out_of_stock
MGT00777-MJC,MINI GT McLaren 720S LB-Works - Black - Chase,out_of_stock
MGT00863-BLC,MINI GT BMW 3.0 CSL - White - Chase,out_of_stock
MGT01110-BL,MINI GT Volkswagen ID. Buzz - Candy White/Pomelo Yellow,in_stock
MGT01111-BL,MINI GT BMW i7 xDrive60 - Tanzanite Blue Metallic,in_stock
MGT01112-BL,MINI GT BMW M4 M-Performance G82 - Daytona Violet,preorder
MGT01103-BL,MINI GT Toyota GR Supra LB Works - Red/White,in_stock
MGT01113-BL,MINI GT Aston Martin AMR24 #14 Fernando Alonso F1 2024 Canadian GP,preorder
MGT01109-BL,MINI GT Lotus Esprit Turbo - Metallic Silver,in_stock
T64-067-95LM22,Tarmac Works Nissan NISMO GT-R LM #22 24h Le Mans 1995 H. Fukuyama / M. Kondo / S. Kasuya,in_stock
T64G-TL039-BK,Tarmac Works LB-Works Dodge Challenger SRT Hellcat Black Metallic with Shipping Containers,out_of_stock
KHMG174,Kaido House Chevrolet Silverado Kaido HKS V1,out_of_stock
T64-079-81LM43,Tarmac Works Porsche 935 K3 #43 24h of Le Mans 1981 Coca Cola,in_stock
KHMG174,Kaido House Chevrolet Silverado Kaido HKS V1 - Chase,out_of_stock
MGT00956-BLC,MINI GT Toyota GR86 HKS Type R ADVAN - 2022 Tokyo Auto Salon - Chase,out_of_stock
MGT00976-BLC,MINI GT Lamborghini Countach LP 800-4 Verde Medio - Chase,out_of_stock
IN64-R35N-RED,Inno64 Nissan Skyline GT-R (R35) NISMO - Red,out_of_stock
MGT00971-BLC,MINI GT Nissan Skyline GT-R (R32) Veilside Combat C-I – Veilside Combat Grey - Chase,in_stock
MGT00961-BLC,MINI GT Toyota Supra A80 Top Secret GT-300 Gold - Chase,out_of_stock
MGTS0001,MINI GT Ford GT LMGTE Pro 2016 24 Hrs of Le Mans Ganassi Team 4 Car Set,out_of_stock
T64G-069-BL,Tarmac Works Porsche 911 GT3 (996) - Light Blue,in_stock
T64G-047-BK,Tarmac Works Mercedes-Benz 190 E 2.3-16 – Blue/Black Metallic,in_stock
T64S-023-PSY,Tarmac Works Schuco Porsche  911 2.8 RSR Psychodelic Green,preorder
T64G-F064-MS1,Tarmac Works Mercedes-AMG F1 W14 E Performance Spanish Grand Prix Tyre Testing 2023 Mick Schumacher,in_stock
T64G-TL053-GR,Tarmac Works Koenigsegg Gemera - Green,in_stock
T64G-TL051-WH,Tarmac Works Koenigsegg CC850 With Tarmac Cards - White,in_stock
T64G-F064-LH1,Tarmac Works Mercedes-AMG F1 W14 E Performance Hungarian Grand Prix 2023 Pole Position Lewis Hamilton #44,in_stock
T64G-057-BK,Tarmac Works Mercedes-Benz 190 E 2.5-16 EVO 1 Black,out_of_stock
T64G-TL035-MBS,Tarmac Works Pagani Huayra R - Matte Black/Silver,in_stock
T64G-TL035-MBS,Tarmac Works Pagani Huayra R - Matte Black/Silver - Chase,out_of_stock
MGT01122-BL,MINI GT Ford Mustang Mach 1 1971 - Race Red,out_of_stock
MGT01121-BL,MINI GT 1:64 Lamborghini Revuelto Viola 30th - Matte Purple,preorder
MGT01125-BL,MINI GT Mercedes-Benz 190E 2.5-16 Evolution II #37 1995 SE Asia Touring Car Championship,preorder
MGT01123-BL,MINI GT McLaren MP4/4 #11 Alain Prost 1988 Japanese Grand Prix 2nd Place,preorder
MGT01124-BL,MINI GT Nissan 35GT-RR Ver.2 LB-Silhouette WORKS GT - Blue,out_of_stock
MGTS0019,MINI GT  Porsche 911 Dakar #718 / Volkswagen ID. Buzz Porsche Centrum Gelderland Roughroads Set,preorder
KHMG164,Kaido House Datsun KAIDO 510 Wagon OG Flow - Chrome Yellow - Chase,out_of_stock
MGT01088-BL,MINI GT Lotus 99T #12 Ayrton Senna 1987 Monaco Grand Prix Winner - Limited Edition,preorder
MGT01099-BL,MINI GT McLaren MP4/4 #12 Ayrton Senna 1988 Japanese Grand Prix Winner - Limited Edition,preorder
MGT01120-BL,MINI GT McLaren MP4/6 #1 Ayrton Senna 1991 Japanese Grand Prix 2nd Place - Limited Edition,preorder
MGT01118-BL,MINI GT Toleman TG184 #19 Ayrton Senna 1984 Monaco Grand Prix 2nd Place - Limited Edition,preorder
MGT00997-BL,MINI GT Jaguar C-X75 Test Car,in_stock
MGT00997-BLC,MINI GT Jaguar C-X75 Test Car - Chase,in_stock
T64-011-BBC,Tarmac Works Toyota Supra Billionaire Boys Club,in_stock
MGT00789-BL,MINI GT Lamborghini Revuelto - Verde Selvans Green - Limited Edition,in_stock
MGT00789-BLC,MINI GT Lamborghini Revuelto - Verde Selvans Green - Chase,out_of_stock
MGT00861-BL,MINI GT Nissan GT-R NISMO GT3 #11 “GAINER TANAX GT-R” GAINER 2023 Super GT Series - Japan Exclusive,out_of_stock
MGT00892-BL,MINI GT Chevrolet Corvette 2023 - Elkhart Lake Blue Metallic,out_of_stock
MGT00892-BLC,MINI GT Chevrolet Corvette 2023 - Elkhart Lake Blue Metallic - Chase,out_of_stock
MGT00987-BLC,MINI GT Nissan Skyline GT-R (R32) Veilside Combat C-I – Gem Red - Chase,out_of_stock
MGT00996-BLC,MINI GT Mazda RX-7 FD3S Itosyoukai Rei-gouki RE Amemiya - Chase,out_of_stock
MGT00970-BLC,MINI GT Mercedes-Benz EQS 580 4MATIC – Red Metallic - Chase,in_stock
MGT00995-BL,MINI GT Abarth 595 LB-WORKS x Abas Works - Grey,in_stock
KHMG213,Kaido House Nissan Skyline GT-R (R33) BFTHR V1,preorder
KHMG212,Kaido House Chevrolet Silverado KAIDO Intimidator V1,preorder
KHMG198,Kaido House Honda Civic (EF) Kaido Loop Spec V1 - Pink,preorder
KHMG232,Kaido House Nissan Silvia S13-R KAIDO WORKS V1 - Sea Foam Green,preorder
T64R-076-RE2,Tarmac Works Ferrari F40 - Red,in_stock
T64-093-FMM,Tarmac Works Porsche 911 GT3 Cup (992) Fire Monkey Motorsport,in_stock
T64-071-16WEC51,Tarmac Works  Ferrari 488 GTE 24h of Le Mans 2016 #51,in_stock
T64T-TL002-EVA,Tarmac Works Mitsubishi Fuso Canter EVA Racing Mobile Display Truck - White,preorder
KHMG167,Kaido House Nissan Skyline GT-R (R34) Tamiya X Kaido House “The Grasshopper” V1 – White,out_of_stock
KHMG167,Kaido House Nissan Skyline GT-R (R34) Tamiya X Kaido House “The Grasshopper” V1 – Chase,out_of_stock
MGT01002-BLC,MINI GT Bugatti EB110 Super Sport - Grigio Scuro - Chase,out_of_stock
MGT01132-BL,MINI GT Toyota Supra (A80) Top Secret GT-300 Top Secret - Red Chrome Limited Edition,preorder
MGT01134-BL,MINI GT Lamborghini Countach 25th Anniversary - White Limited Edition,in_stock
MGT01133-BL,MINI GT Lamborghini Aventador LB-WORKS Orange MDX 2025 Limited Edition,preorder
MGT01130-BL,MINI GT Shelby GT500 Dragon Snake Concept - Black/Gold,in_stock
MGT01128-BL,MINI GT NISSAN Skyline GT-R Dark Metal Gray NISMO BCNR33 CRS Version,preorder
MGT01131-BL,MINI GT Lancia Delta HF Integrale Evoluzione #1 1993 Rallye Monte-Carlo,in_stock
T64S-017-MG,Tarmac Works Porsche 911 Carrera RS (964) - Mint Green,preorder
T64G-042-GR,Tarmac Works Mercedes-Benz AMG GT Black Series - Green,preorder
T64G-069-YL,Tarmac Works Porsche 911 GT3 (996) – Yellow,preorder
T64G-TL017-SL,Tarmac Works Koenigsegg Regera with Trading Cards Pack - Silver,in_stock
T64G-F070-OP2,Tarmac Works McLaren MCL60 Australian Grand Prix 2023 Oscar Piastri,in_stock
T64G-061-HKS,Tarmac Works Nissan Skyline (R32) Widebody Jon Sibal Designworks & HKS with Card Pack,preorder
IN64-RS500-BASTOS,Inno64 Ford Sierra RS500 Cosworth Spa 24 Hours 1989 Winner,out_of_stock
IN64-EG9-AD95,Inno64 Honda Civic Ferio All Japan Touring Car Championship JTCC 1995 ADVAN [UNSEALED],out_of_stock
IN64-EF9-JAC91,Inno64 Honda Civic EF9 JACCS All Japan Touring Car Championship JTCC 1991,out_of_stock
IN64-EF9-JAC92,Inno64 Honda Civic EF9 JACCS All Japan Touring Car Championship JTCC 1992,out_of_stock
IN64-EG9-CA95,Inno64 Honda Civic Ferio Castrol Mugen JTCC 1995 [UNSEALED],out_of_stock
IN64-MGP19-DC501,Inno64 Honda Integra #18 Macau Guia Race 2003,out_of_stock
IN64-DC2-GAT,Inno64 Honda Integra Type R #30 Gathers Super N1 Endurance Race 1996 Class 3 Champion,out_of_stock
IN64-MGP19-190E,Inno64 Mercedes-Benz AMG 190E #10 Berlin Macau Guia Race 1992,out_of_stock
IN64-R32-BLU,Inno64 Nissan Skyline GT-R R32 Blue with Extra Wheels,in_stock
IN64-R32-JPPC,Inno64 Nissan Skyline GT-R R32 Kanagawa-Kenkei Japanese Police Car,out_of_stock
IN64-R32P-JPDC,Inno64 Nissan Skyline GT-R R32 Pandem Rocket Bunny Japan Police Livery Drift Car,out_of_stock
IN64-R32-CA12,Inno64 Nissan Skyline GT-R R32 #12 Calsonic Team IMPUL JTC Nishi Nihon Circuit 1990 Winner,out_of_stock
IN64-RRC-LGRE,"Inno64 Range Rover ""Classic"" - Green",out_of_stock
IN64-RRC-SGYL,"Inno64 Range Rover ""Classic"" - Yellow",out_of_stock
IN64-GT86-GRST12,"Inno64 Toyota GT86 #86 Super Taikyu Suzuka 300km 2012 ""Gazoo Racing""",out_of_stock
KHMG175,Kaido House Nissan Skyline 2000GT-R Kaido Street V1 - Red - Chase,out_of_stock
KHMG189,Kaido House BMW M3 E30 Pink Kaido GT V1 LTDEDN - KHMG189 [SEALED],out_of_stock
KHMG184,Kaido House Honda NSX Kaido Works Makuhari LTDEDN - KHMG184,in_stock
IN64-R34TS-GOLD,Inno64 Nissan Skyline GT-R (R34) TOP SECRET in Gold,out_of_stock
IN64-R32TS-STGR,Inno64 Nissan Skyline GT-R (R32) TOP SECRET in Stealth Grey,out_of_stock
PR640131,Pop Race Singer DLS Turbo Study Track Orange,out_of_stock
PR640030,Pop Race Honda Civic Type R FL5 HRC - White,in_stock
PR640190,Pop Race Nissan Skyline GT-R R32 Tokyo Auto Salon 2025 TASKL Chrome Gold,out_of_stock
PR64-R8LMS-EVA01KA,Pop Race Audi R8 LMS Eva RT Test Type-01 Kakusei x Works,out_of_stock
IN64-R34RT-SIL,Inno64 Nissan Skyline GT-R (R34) NISMO R-Tune - Silver,out_of_stock
IN64-R34VS-MJADE,Inno64 Nissan Skyline GT-R (R34) V-Spec II Nur Millenium Jade,out_of_stock
IN64-R34-BBBL,Inno64 Nissan Skyline GT-T (R34) Hong Kong Toy Car Salon 2022 Event Edition,in_stock
IN64-R34-PCFAL,Inno64 Nissan Skyline GT-R (R34) Super Taikyu 1999 Class 1 Winner,out_of_stock
IN64-R34VS-WHI,Inno64 Nissan Skyline GT-R (R34) V-Spec II N1 - White,out_of_stock
IN64-R34MS-NOF,Inno64 Nissan Skyline GT-R (R34) M-Spec Nur Tuned by NISMO Omori Factory,out_of_stock
IN64-R34RT-NSR,Inno64 Nissan Skyline GT-R (R34) NISMO Sports Resetting,out_of_stock
IN64-R34RA-FAL,Inno64 Nissan Skyline GT-R (R34) #1 Falken Super Taikyu 2001 Winner,out_of_stock
IN64-R34RT-MINESGC,Inno64 Nissan Skyline GT-R (R34) NISMO R-Tune Mine's - White with Green Carbon Hood,in_stock
IN64-R34-XMAS22,Inno64 Nissan Skyline GT-R (R34) Christmas 2022 Special Edition with Figurine,out_of_stock
IN64-R34ZT-ENDGAME,"Inno64 Nissan Skyline GT-R (R34) Z-Tune ""Endgame"" Australia Special Edition - Chase",out_of_stock
IN64-LBWKF40-HKTS23,Inno64 Liberty Walk F40 Hong Kong Toycar Salon 2023 Special Edition - Matte Black,out_of_stock
IN64-LBWKF40-HKTS23,Inno64 Liberty Walk F40 Hong Kong Toycar Salon 2023 Special Edition - Chase,out_of_stock
IN64-LBWKF40-XMAS23,Inno64 F40 LBWK Christmas Edition 2023 - Chase,out_of_stock
IN64-LBWKF40-CHS,Inno64 LBWK F40 Hobby Expo China 2024 Chrome Chase,out_of_stock
IN64-LBWKF40-TAS23,Inno64 LBWK F40 Tokyo Auto Salon 2023 - with Japan Flag,out_of_stock
IN64-LBWKF40-TAS23,Inno64 LBWK F40 Tokyo Auto Salon 2023 - Japan Flag Included,out_of_stock
IN64-F40LBWK-RED,Inno64 LBWK F40 Red with Japan Flag,out_of_stock
IN64-F40LBWK-RED,Inno64 LBWK F40 Red - Japan Flag Included,out_of_stock
MGT00975-BLC,MINI GT Subaru Impreza WRC98 1998 Rally Monte Carlo Colin McRae #3 - Chase,out_of_stock
KHMG195,Kaido House Nissan Skyline 2000GT-R (KPGC10) Kaido Racing V1 - Chase,out_of_stock
KHMG126,Kaido House Honda Civic EF Kaido Works V1 - Chase,out_of_stock
MGT01098-BL,MINI GT Hyundai Ioniq 5N MINI GT RS-01T 2025 Tokyo Auto Salon,preorder
MGT01097-BL,MINI GT Ford Mustang GTD Spirit of America - White,preorder
MGT01101-BL,MINI GT Mazda RX-7 LB-Super Silhouette FD-NILES,in_stock
MGT01100-BL,MINI GT Lamborghini Countach LB-WORKS - Red,in_stock
MGT01140-BL,MINI GT Subaru Impreza WRC97 #1 1999 DRM Champion,in_stock
MGT01129-BL,MINI GT Lamborghini Huracan GT3 EVO2 #45 DEX Imaging 2024 IMSA Daytona 24 Hrs,preorder
T64-TL017-LBWK2,Tarmac Works Porsche RWB 993 Liberty Walk with Shipping Container,preorder
T64-093-24PSC01,Tarmac Works Porsche 911 GT3 Cup (992) Porsche Mobil 1 Supercup 2024 Harry King,preorder
T64-077-98STW45,Tarmac Works Audi A4 Quattro Super Tourenwagen Cup 1998 Frank Biela,preorder
T64-062-25BH888,Tarmac Works Mercedes-AMG GT3 Bathurst 12h 2025 GruppeM Racing - Engel / Grenier / Martin,preorder
T64-088-96LM44,Tarmac Works Tarmac Works 1:64 Ferrari F40 GTE 24h of Le Mans 1996 - Noce / Olofsson / Rosenblad,preorder
T64P-004-WH,Tarmac Works Porsche 911 GT1 with Trading Card – White,preorder
MGT00896-BL,MINI GT BMW M3 M Performance Touring – Daytona Violet,out_of_stock
T64G-TL035-TCF,Tarmac Works Pagani Huayra R - Monterey Car Week 2025 USA Event Special Edition,in_stock
T64G-018-HK,Tarmac Works Vertex Nissan Silvia S14 Hello Kitty Black Chrome,out_of_stock
MGT00896-BLC,MINI GT BMW M3 M Performance Touring – Daytona Violet - Chase,out_of_stock
MGT00886-BLC,MINI GT 1:64 Lamborghini Revuelto - Giallo Yellow - Chase,out_of_stock
MGT00985-BLC,MINI GT Nissan Z VeilSide FFZ400 - Gold Chrome - Chase,out_of_stock
MGT01046-BLC,"MINI GT Mazda RX-7 RE-Amemiya 20B NA 3ROTOR-7 ""Ama-san Go"" - Chase",in_stock
MGT00913-007E,MINI GT Aston Martin DB5 James Bond “Skyfall” – English Packaging,preorder
MGT00908-007E,MINI GT Jaguar XKR James Bond “Die Another Day” - English Packaging,preorder
KHMG210,Kaido House Datsun KAIDO 510 Wagon 4×4 Kaido ISLANDS V1 - Orange - Chase,out_of_stock
KHMG179,Kaido House Honda Civic EF Kaido Roulette V1 - Light Blue - Chase,out_of_stock
MGTAC20,MINI GT Paddock Service Tent Set ADVAN,in_stock
T64-072-22MGP51,Tarmac Works Ferrari 488 GT3 #51 Macau GT Cup 2022 - Limited Edition,out_of_stock
T64-062-20NUR02,Tarmac Works Mercedes-AMG GT3 #2 Nurburgring 24h 2020 - Limited Edition,out_of_stock
T64A-TL001-EVA,Tarmac Works Evangelion Racing Garage Tools Set with 4-Post Lift,out_of_stock
MGT01139-BL,MINI GT Ford Mustang Mach 1 - Grabber Yellow,in_stock
MGT01106-BL,MINI GT Mazda RX-7 RE-Amemiya - Silver Metallic,in_stock
MGT01141-BL,MINI GT Ford Mustang Dark Horse 2024 - Grabber Blue,preorder
MGT01142-BL,MINI GT Porsche 911 Carrera RS 2.7 - Tangerine with Black Livery,preorder
MGT01090-BL,MINI GT BMW M3 Competition Touring - Portimao Blue Metallic,preorder
MGT01135-BL,MINI GT Lamborghini LB-Silhouette Works Murcielago GT Evo - Yellow,in_stock
KHMG217,Kaido House BMW M3 Kaido Works Larry Chen V1 - USA Exclusive,preorder
MGT00811-BL,MINI GT BMW M4 Competition G82 - Sakhir Orange,out_of_stock
MGT00817-BL,MINI GT McLaren F1 - Yquem Orange,in_stock
MGT00905-007E,"MINI GT Ford Mustang Mach 1 James Bond 007 ""Diamonds Are Forever” English Package",in_stock
MGT00788-BLC,MINI GT Lamborghini Huracan STO Bianco Asopo - Chase,out_of_stock
MGT00897-BLC,MINI GT BMW M3 M Performance Touring – Mint Green - Chase,out_of_stock
MGT00964-BLC,"MINI GT Porsche 911 Dakar ""Rally 1978"" Ice Grey Metallic - Chase",out_of_stock
MGT00817-BLC,MINI GT McLaren F1 - Yquem Orange - Chase,in_stock
MGT00811-BLC,MINI GT BMW M4 Competition G82 - Sakhir Orange - Chase,out_of_stock
MGT01143-BL,"MINI GT Porsche 911 GT3 R #77 AO Racing 2025 IMSA Petit Le Mans ""Skeleton Rexy""",preorder
PR640174,Pop Race Honda Civic EG6 Pandem Metallic Blue with Open Hood,out_of_stock
PR640277,Pop Race Toyota Supra Top Secret GT300 Chrome Gold,out_of_stock
MGT00992-BL,"MINI GT Honda NSX-GT ""Type S"" GT500 #64 Modulo 2023 Super GT Series",in_stock
MGT00786-BL,"MINI GT Honda NSX-GT ""Type S"" GT500 #8 ARTA Mugen 2023 Super GT Series",in_stock
MGT00787-BL,"MINI GT Honda NSX-GT ""Type S"" GT500 #16 ARTA Mugen 2023 Super GT Series",out_of_stock
MGT01045-BLC,MINI GT Nissan Skyline GT-R Nismo 2024 - Brilliant White Pearl - Chase,out_of_stock
MGT00998-BLC,MINI GT BMW Z8 - Silver - Chase,in_stock
MGT01069-BLC,MINI GT Mazda Miata MX-5 (NA) Tuned Version – Dark Blue - Chase,out_of_stock
MGT01003-BLC,MINI GT Nissan Skyline GT-R (R34) V-Spec II Nür - Millenium Jade - Chase,in_stock
MGT00977-BL,MINI GT Mercedes-Maybach S680 - Black,out_of_stock
MGT00977-BLC,MINI GT Mercedes-Maybach S680 - Black - Chase,out_of_stock
KHMG235,Kaido House Nissan Silvia S13-R Kaido Drift V1 Greddy - Gunmetal Gray,preorder
KHMG238,Kaido House Honda NSX Tamiya Avante V1 - Blue,preorder
KHMG236,Kaido House Chevrolet Silverado Dually Hot Rod V1 - Flat Black,preorder
MGT00808-BL,MINI GT Lotus 78 #3 Gunnar Nilsson 1977 Japanese Grand Prix,out_of_stock
T64G-060-GR,Tarmac Works Toyota Sprinter Trueno AE86 Widebody by Jon Sibal - Chase,out_of_stock
MGT00954-BLC,MINI GT Aston Martin DB5 - Sierra Blue - Chase,out_of_stock
KHMG194,Kaido House BMW M3 Kaido KW V1 - Purple - Chase,out_of_stock
MGT01005-BL,MINI GT Toyota GR86 HKS Type R 2022 Tokyo Auto Salon - Chase,out_of_stock
MGT01070-BLC,MINI GT Jaguar C-X75 - Black - Chase,out_of_stock
MGT01148-BL,MINI GT Lotus 99T #11 Satoru Nakajima 1987 Monaco Grand Prix - Yellow,preorder
MGT01146-BL,MINI GT McLaren MCL38 #81 Oscar Piastri 2024 F1 2024 Hungarian GP Winner,preorder
MGT01145-BL,MINI GT McLaren MCL38 #4 Lando Norris 2024 F1 2024 Hungarian GP 2nd Place,preorder
MGT01105-BL,MINI GT Bugatti Bolide - Red,preorder
MGT01149-BL,MINI GT Toyota GR86 LB-Nation - Black/Gold,in_stock
MGT01094-BL,MINI GT Toyota Supra VeilSide Combat V-I - Red,preorder
MGT01147-BL,MINI GT Honda Civic Type-R Ultimate Edition - White,preorder
MGT01144-BL,MINI GT Range Rover 1981 Camel Trophy Sumatra C. Swoboda & K. Mentel  Winner - Yellow,preorder
MGTAC34,MINI GT Nissan Motorsports Nismo Operation Diorama,in_stock
MGT00741-L,MINI GT Mercedes-Benz Actros Racing Transporter ADVAN,out_of_stock
T64S-022-PM,Tarmac Works Porsche Cayman GT4RS - Amethyst Metallic,preorder
T64G-075-BL,Tarmac Works Mazda RX-7 VeilSide Fortune7 - Blue,preorder
T64G-026-ONP,Tarmac Works Datsun Bluebird 510 Wagon OHIGE no PON - White,preorder
T64G-080-TE3005,Tarmac Works Vertex Ridge TE3005 Soarer with Trading Cards - Red,preorder
PR640164,Pop Race McLaren F1 Carbon Edition,preorder
PR640432,Pop Race Nissan S13 Pandem EVA RT Test Type-01,preorder
PR640433,Pop Race Honda NSX-R Yellow,preorder
PR640386,Pop Race Mazda 787B JSPC 1991,preorder
PR640301,Pop Race Mazda 787B 1991 Le Mans 24h Winner,in_stock
PR640223,Pop Race Mazda RX-7 Re-Amemiya Widebody - Blue Chrome,out_of_stock
PR640228,Pop Race Toyota GR86 Pandem ADVAN,in_stock
MGT00912-007E,MINI GT Lotus Esprit Turbo James Bond 007 “For Your Eyes Only” - English Packaging,in_stock
MGT00910-007E,MINI GT Aston Martin DB10 James Bond 007 “Spectre” - English Packaging,preorder
PR640125,Pop Race Pagani Zonda R,preorder
PR640413,Pop Race Lamborghini Huracan STO Matte Gold,preorder
T64R-021-TMEB,Tarmac Works Mitsubishi Lancer Evolution VI Tommi Mäkinen Edition - Blue,preorder
T64-030-19BA107,Tarmac Works Bentley Continental GT3 Bathurst 12 Hour 2019,preorder
T64R-066-YL,Tarmac Works Pandem Mazda RX-7 FC3S - Yellow,preorder
T64-085-24RL69,Tarmac Works Toyota GR YARIS Rally1 HYBRID Rally Latvia 2024 Winner Kalle Rovanperä / Jonne Halttunen,preorder
T64-089-24CR11,Tarmac Works Hyundai i20 N Rally1 Hybrid Croatia Rally 2024 Thierry Neuville / Martijn Wydaeghe,preorder
T64-049-92SAF01,Tarmac Works Lancia Delta HF Integrale Safari Rally 1992 Juha Kankkunen /Juha Piironen,preorder
MGT00828-BL,MINI GT McLaren 720S LB-Works - Gem Red,out_of_stock
MGT00967-BL,MINI GT  Lamborghini Huracan LB-WORKS ver. 2 Mad Mike NIMBUL,out_of_stock
MGT01065-BLC,MINI GT Aston Martin DBS - Hyper Red - Chase,in_stock
MGT00958-BLC,MINI GT Porsche 911 Dakar – Black - Chase,out_of_stock
MGT01158-BL,MINI GT Chevrolet Corvette ZR1 - Accelerate Yellow,preorder
MGT01092-BL,MINI GT BMW M5 - Alpine White,preorder
MGT01157-BL,MINI GT Nissan LB-Super Silhouette S15 SILVIA #555 Team MINI GT Liberty Walk 2025 Formula Drift - Chrome Blue,preorder
MGT01161-BL,MINI GT Bentley Batur - Scarab Green,preorder
MGT01159-BL,MINI GT Volkswagen ID. Buzz KW/BBS - Orange,preorder
MGT01160-BL,MINI GT Nissan Skyline GT-R Dark Metal Gray (NISMO BNR34 CRS Version),preorder
IN64-AE86T-BDKS24,Inno64 Toyota Sprinter AE86 Brunei Kustom Show 2024,in_stock
IN64-R31-DB,Inno64 Nissan Skyline GT-S R R31 - Black,out_of_stock
KHMG241,Kaido House Nissan Skyline GT-R (R34) Kaido Works V4 - Yellow,preorder
KHMG242,Kaido House BMW M3 Kaido Works V2 - Green,preorder
KHMG254,Kaido House Toyota AE86 Sprinter Trueno TOUGE V1 - Blue,preorder
KHMG247,Kaido House Toyota AE86 Kaido Star V1 - Purple Silver,preorder
IN64-R32-CA3,Inno64 Nissan Skyline GT-R R32 Super Taikyu N1 Series Tsukuba 12 Hours 1992,in_stock
IN64-R32-WHI,Inno64 Nissan Skyline GT-R R32 - White,out_of_stock
IN64-R32-HKS93,Inno64 Nissan Skyline GT-R R32 HKS Japan Touring Car Championship 1993,out_of_stock
IN64-R32-HKS92,Inno64 Nissan Skyline GT-R R32 HKS Japan Touring Car Championship 1992,out_of_stock
IN64-R32-GGM,Inno64 Nissan Skyline GT-R R32 - Gun Grey,out_of_stock
IN64-R34ZT-MDX23,Inno64 Nissan Skyline GT-R R34 Z-Tune Full Carbon - Malaysia Diecast Expo 2023,out_of_stock
IN64-R32TS-TMCS25,Inno64 Nissan Skyline GT-R R32 Top Secret Chrome Gold - The Model Car Show Malaysia 2025,out_of_stock
T64-051-95BPR36,Tarmac Works Toyota Supra GT BPR Zhuhai 1995,out_of_stock
IN64-997LB-PIG,Inno64 Porsche 997 LBWK Pink Pig,out_of_stock
IN64-DC2-CA16,Inno64 Honda Integra Type R DC2 Super N1 Endurance Race 1996,out_of_stock
T64-029-18WTCR09,Tarmac Works Honda Civic Type R TCR WTCR Race of Macau 2018,out_of_stock
MGT01061-BLC,MINI GT Volkswagen ID. Buzz - Candy White / Energetic Orange - Chase,out_of_stock
MGT01057-BLC,MINI GT Mazda RX-7 Veilside - Fortune Grey - Chase,out_of_stock
MGT01066-BLC,MINI GT Nissan Skyline GT-R (R32) Veilside Combat C-I - White - Chase,in_stock
MGT01167-BL,MINI GT Nissan Z VeilSide FFZ400 - Seiran Blue,preorder
MGT01102-BL,MINI GT BMW M3 M Performance Touring - Sao Paulo Yellow,preorder
MGT01096-BL,MINI GT BMW M5 Touring (G99) - Brooklyn Gray Metallic,preorder
MGT01164-BL,MINI GT McLaren MCL38 #4 Lando Norris 2024 F1 2024 Monaco GP,preorder
MGT01165-BL,MINI GT McLaren MCL38 #81 Oscar Piastri 2024 F1 2024 Monaco GP 2nd Place,preorder
MGT01168-BL,MINI GT Chevrolet Corvette Z06 GT3.R #3 Corvette Racing by Pratt Miller Motorsports 2025 IMSA Daytona 24 Hrs,preorder
MGT01166-BL,MINI GT Ford Mustang Convertible 1964 - Highland Green,preorder
T64G-081-RE,Tarmac Works Toyota Aristo JZS161 VERTEX with Tarmac Cards - Red,preorder
T64S-024-75LM58,Tarmac Works Schuco Porsche 911 Carrera RSR 3.0 24h Le Mans 1975 #58 - Red,preorder
T64-TL017-JV,Tarmac Works Porsche RWB 993 - Designed by JOSHUA VIDES,preorder
T64-011-JV,Tarmac Works Toyota Supra - Designed by JOSHUA VIDES,preorder
T64G-018-JV,Tarmac Works Nissan Silvia S14 Vertex - Designed by JOSHUA VIDES,preorder
MGT00842-BLC,MINI GT 1:64 Lamborghini Aventador SVJ 63 - Bianco Asopo - Chase,out_of_stock
MGT00953-BL,MINI GT Mazda AZ-1 Liberty Walk LB40 2024 Tokyo Auto Salon - White,in_stock
MGT00828-BLC,MINI GT McLaren 720S LB-Works - Gem Red - Chase,out_of_stock
T64G-009-SL,Tarmac Works Mercedes-Benz C63 AMG Coupe Black Series - Silver Metallic,out_of_stock
T64G-023-GDY,Tarmac Works VERTEX Nissan Silvia S15 GReddy Special Edition,in_stock
T64G-023-GDY,Tarmac Works VERTEX Nissan Silvia S15 GReddy Special Edition - Chase,out_of_stock
MGT00769-MJ,MINI GT Toyota GR86 LB-Nation - White,in_stock
MGT00769-MJC,MINI GT Toyota GR86 LB-Nation - White - Chase,out_of_stock
MGT00743-MJ,MINI GT Nissan LB-Super Silhouette S15 SILVIA LB KUMA,in_stock
MGT00743-MJC,MINI GT Nissan LB-Super Silhouette S15 SILVIA LB KUMA - Chase,out_of_stock
MGT01050-BL,MINI GT Lancia Stratos HF #4 1979 Spanish Rally Champion,in_stock
MGT01050-BLC,MINI GT Lancia Stratos HF #4 1979 Spanish Rally Champion - Chase,out_of_stock
MGT00902-007J,MINI GT BMW 750IL James Bond 007 Tomorrow Never Dies - Japanese Packaging,in_stock
T64S-004-REP,Tarmac Works Schuco Porsche 911 GT2 24h LE MANS 1995 #91 - Chase,out_of_stock
T64G-062-BL,Tarmac Works Nissan Fairlady Z S30 Widebody By Jon Sibal – Blue - Chase,out_of_stock
KHMG211,Kaido House Nissan Skyline 2000GT-R (KPGC10) Kaido Works V2 – White - Chase,out_of_stock
T64G-018-GY,Tarmac Works Vertex Nissan Silvia S14 - Grey,in_stock
T64G-018-GY,Tarmac Works Vertex Nissan Silvia S14 - Grey - Chase,out_of_stock
T64G-057-89DTM11,Tarmac Works Mercedes-Benz 190 E 2.5-16 EVO 1 DTM 1989 - Blue,in_stock
T64G-057-89DTM11,Tarmac Works Mercedes-Benz 190 E 2.5-16 EVO 1 DTM 1989 - Blue - Chase,in_stock
T64G-074-BL,Tarmac Works Vertex Nissan Veilside FFZ400 Fairlady Z - Blue,in_stock
T64G-072-BK,Tarmac Works Mercedes-Benz S Class Wald – Black,in_stock
T64G-072-BK,Tarmac Works Mercedes-Benz S Class Wald – Black - Chase,in_stock
T64G-068-RE,Tarmac Works Porsche 959 - Red,out_of_stock
T64G-068-REC,Tarmac Works Porsche 959 - Red - Chase,out_of_stock
T64R-088-RE,Tarmac Works Ferrari F40 GTE - Red,preorder
T64-084-25FUJ13,Tarmac Works Porsche 911 GT3 R GT World Challenge Asia 2025 Phantom Global Racing with Trading Cards,preorder
T64-021-00ST11,Tarmac Works Mitsubishi Lancer Evolution VI TME Super Taikyu Series 2000,preorder
T64-049-93MSR01,Tarmac Works Lancia Delta HF Integrale Mogürt-Salgó Rallye 1993 Winner,preorder
T64-TL015-SC,Tarmac Works Porsche RWB 930 Southern Cross,preorder
MGT01104-BL,MINI GT Toyota Supra VeilSide Combat V-I - White,preorder
MGT01170-BL,MINI GT Acura ARX-06 GTP #93 Acura Meyer Shank Racing 2025 IMSA Daytona 24 Hrs,preorder
MGT01171-BL,MINI GT Chevrolet Corvette Z06 GT3.R #13 AWA 2025 IMSA Daytona 24 Hrs,preorder
MGT01173-BL,MINI GT Toyota GR86 LB★Nation ADVAN,preorder
MGT01172-BL,MINI GT Ford Mustang Dark Horse #24 Ford Performance Racing School,preorder
MGT01169-BL,MINI GT Nissan Skyline LB★Works HAKOSUKA – Baby Blue,preorder
PR640220,Pop Race EVA RT Production Model Custom TYPE-08 GOODRIDE GR YARIS,in_stock
PR640182,Pop Race Shelby Mustang GT500 - Red,out_of_stock
T64-008-19MGP999,Tarmac Works Mercedes-AMG GT3 Macau GT Cup 2019 Winner,out_of_stock
T64-020-19MGP42,Tarmac Works BMW M6 GT3 FIA GT World Cup 2019 Macau,out_of_stock
T64-011-FAL,Tarmac Works Toyota Supra Falken Livery,out_of_stock
PR64024,Pop Race Nissan Skyline GT-R R32 Magic Chrome Vancouver Special Edition,out_of_stock
PR64025,Pop Race Nissan Skyline GT-R R33 Magic Chrome Vancouver Special Edition,out_of_stock
PR640415,Pop Race Honda Civic Pandem EG6 Los Angeles Special Edition,out_of_stock
PR640397,Pop Race Mazda RX-7 FC3S RE-Amemiya Los Angeles Special Edition,in_stock
PR640290,Pop Race Mazda RX-7 FC3S RE-Amemiya - Blue,in_stock
IN64-R34VS-SIL,Inno64 Nissan Skyline GT-R (R34) V-Spec II - Silver,out_of_stock
t64-024-92dtm06,Tarmac Works Mercedes-Benz 190 E 2.5-16 Evolution II DTM 1992,out_of_stock
t64-024-91mgp11,Tarmac Works Mercedes-Benz 190 E 2.5-16 Evolution II Macau Guia Race 1991,out_of_stock
t64-010-adv,Tarmac Works Honda Civic Type R EK9 Super Taikyu 2000 Class 4 Champion,in_stock
MGT01009-BLC,MINI GT Porsche 911 Dakar Rally 1974 – White - Chase,out_of_stock
MGT00888-L,MINI GT Lincoln Capri Hot Rod 2024 Christmas Set  - Limited Edition,in_stock
KHMG243,Kaido House Chevrolet Silverado Dually Vintage Spec V2 - Pink,preorder
KHMG245,Kaido House Volkswagen T1 KAIDO RADVAN V1 - Pink,preorder
KHMG260,Kaido House Honda Civic (EF) Kaido Manga V1 - Silver,preorder
KHMG248,Kaido House Datsun KAIDO 510 Wagon Koi Wagon V1 - Blue,preorder
MGT01155-BL,MINI GT Senna Kart Formula K #9 Ayrton Senna da Silva 1981 Karting World Championship,preorder
MGT01156-BL,MINI GT Senna Kart #2 Ayrton Senna da Silva 1993 Masters of Paris-Bercy,preorder
64S-017-93PSM33,Tarmac Works Porsche 911 Carrera 2 Porsche Supercup 1993 Monaco Winner,preorder
T64G-048-GR,Tarmac Works Mitsubishi Lancer GSR Evolution - Green Metallic,preorder
T64G-042-GY,Tarmac Works Mercedes-Benz AMG GT Black Series - Grey,preorder
T64G-086-RE,Tarmac Works  Ford Mustang GTD - Red,preorder
T64T-TL001-LBY,Tarmac Works Mitsubishi Fuso Super Great LB-Truck,preorder
MGT01047-BL,MINI GT Mazda AZ-1 Liberty Walk LB40 PILOT,out_of_stock
MGT01138-BL,MINI GT Ford Mustang Mach 1 - Grabber Blue,preorder
MGT01107-BL,MINI GT Toyota Supra VeilSide Combat V-II - Black,preorder
MGT01178-BL,MINI GT Porsche 911 (992) GT3 RS Weissach RingTaxi.com,preorder
MGT01177-BL,MINI GT Lamborghini Huracan GT LB★WORKS RONIN – Grey,preorder
MGT01176-BL,MINI GT Ford Puma Rally1 #55 M-Sport Ford WRT 2025 Rally Monte-Carlo,preorder
MGT01137-BL,MINI GT Bugatti W16 - Mistral Yellow,preorder
QZ00502-BL,QubeCarz Series 1 Nissan LB-Super Silhouette S15 SILVIA Auto Finesse SEMA 2023 #006 - Chase,out_of_stock
QZ00501-BL,QubeCarz Series 1 Nissan LB-Super Silhouette S15 SILVIA Liberty Walk Presentation #005 - Chase,out_of_stock
IN64-A80TS-GTSHOW25,Inno64 Toyota Supra (A80) Top Secret GTShow 2025 Event Exclusive,out_of_stock
KHMG216,Kaido House BMW M3 Kaido GT V2 - Purple - Chase,out_of_stock
KHMG226,Kaido House Chevrolet Silverado KAIDO WORKS V3 - Dark Green - Chase,out_of_stock
MGT01067-BLC,MINI GT Toyota Supra A80 Top Secret GT-300 - Purple - Chase,out_of_stock
MGT01068-BLC,MINI GT Porsche 911 Dakar “Mr. Dakar” - Silver - Chase,in_stock
T64G-023-MK,Tarmac Works VERTEX Nissan Silvia (S15) Disney Mickey Mouse Limited Edition,preorder
T64G-018-MN,Tarmac Works  VERTEX Silvia (S14) Disney Minnie Mouse Limited Edition,preorder
PR640230,Pop Race McLaren F1 Jet Black,in_stock
KHMG185,Kaido House Nissan Skyline 2000GT-R Malaysia Diecast Expo 2025 - KHMG185,out_of_stock
KHMG136,Kaido House Honda Civic EF Kaido Works LTDEDN LA Diecast Club Exclusive - KHMG136,in_stock
KHMG170,Kaido House Nissan Fairlady Z Orange Bang Tokyo Auto Salon 2025 Larry Chen LTDEDN - KHMG170,out_of_stock
KHMG234,Kaido House Toyota AE86 Sprinter Trueno Los Angeles Diecast Club 2025 LTDEDN - KHMG234,in_stock
T64-043-25MGP,Tarmac Works Audi R8 LMS GT3 EVO II Macau GP 2025 Cinnamoroll (Model Only),out_of_stock
PR640414,Pop Race Honda NSX-R GT Spoon Macau GP Tokyo Auto Salon 2025 Hong Kong,in_stock
IN64-NSXP-APA25,Inno64 Honda NSX Pandem Rocket Bunny APA XPO 2025 Event Edition,out_of_stock
T64-075-BC,Tarmac Works Ferrari F40 LM Blue Chrome,preorder
T64T-TL002-CC2,Tarmac Works Mitsubishi Fuso Canter Coca- Cola Advertisement Truck,preorder
T64-087-15MGP01,Tarmac Works Mercedes-Benz SLS AMG GT3 Macau GT Cup - FIA GT World Cup 2015 Winner Maro Engel with Trading Cards,preorder
T64-TL037-CC,Tarmac Works Porsche RWB 964 Coca-Cola,preorder
T64-106-WH,Tarmac Works McLaren  LB-WORKS 720S w/ Extra Wheels - White,preorder
T64G-038-MOON,Tarmac Works Toyota GR86 MOONEYES - Yellow,in_stock
T64-075-95LM34,Tarmac Works Ferrari F40 LM 24h of Le Mans 1995 M. Ferté / O. Thévenin / C. Palau,out_of_stock
T64-074-16GTA12,Tarmac Works Ferrari 458 Italia GT3 GT Asia 2016 C. Van Dam / P. Bhirombhakdi,out_of_stock
T64R-076-WH,Tarmac Works Ferrari F40 Lightweight - White,out_of_stock
T64-057-AB,Tarmac Works Porsche RWB 997 Abu Dhabi - Silver,out_of_stock
T64-TL037-GR,Tarmac Works Porsche RWB 964 - Green,out_of_stock
MGT01185-BL,MINI GT Nissan LB-Super Silhouette S15 SILVIA #555 Team MINI GT Liberty Walk 2025 Formula Drift Halloween Special - Chrome Blue,preorder
MGT01163-BL,MINI GT Nissan LB-Super Silhouette 180SX 2026 TAS - Green,preorder
MGT01186-BL,MINI GT Chevrolet Corvette Z06 GT3.R Road America Test Car - Black,preorder
MGT01179-BL,MINI GT Toyota Alphard 40 KUHL - Black,preorder
MGT01180-BL,MINI GT Toyota Alphard 40 KUHL - White,preorder
T64G-061-GDYC,Tarmac Works Nissan Skyline GT-R (R32) Widebody Jonsibal & Greddy - Chase,out_of_stock
T64G-038-MOONC,Tarmac Works Toyota GR86 MOONEYES - Yellow - Chase,out_of_stock
MGT00907-007E,"MINI GT Lotus Esprit Turbo - White ""For Your Eyes Only"" English",in_stock
MGT01111-BLC,MINI GT BMW i7 xDrive60 - Tanzanite Blue Metallic - Chase,in_stock
MGT01058-BLC,MINI GT Bugatti W16 – Mistral Black - Chase,in_stock
MGT01109-BLC,MINI GT Lotus Esprit Turbo - Metallic Silver - Chase,out_of_stock
MGT01122-BLC,MINI GT Ford Mustang Mach 1 1971 - Race Red - Chase,out_of_stock
PR640182C,Pop Race Shelby Mustang GT500 - Red - Chase,out_of_stock
KHMG249,Kaido House Nissan Skyline 2000GT-R (KPGC10) Cortez V1,preorder
KHMG251,Kaido House Nissan Silvia S13-R Circuit Spec V1,preorder
KHMG261,Kaido House Volkswagen T1 GReddy Pickup V1,preorder
KHMG252,Kaido House Toyota AE86 KAIDO STAR V2,preorder
KHMG192C,Kaido House Chevrolet Silverado Dually Vintage Spec V1 - Chase,out_of_stock
KHMG180C,Kaido House Toyota AE86 Sprinter Trueno Kaido Street V1 - White - Chase,out_of_stock
KHMG161C,Kaido House Datsun 510 Pro Street Buta V1 - Pink - Chase,out_of_stock
KHMG196C,Kaido House Toyota AE86 Sprinter Trueno Kaido Racing V1 - Blue - Chase,out_of_stock
PR640469,Pop Race Honda Civic Type R FL5 Spoon Tokyo Auto Salon Hong Kong 2025,in_stock
PR640268,Pop Race Honda Aston Martin DBX 707 - Storm Purple,in_stock
PR640265,Pop Race Toyota GR86 Pandem Daigo Saito Formula Drift Japan 2022,in_stock
PR640270,Pop Race Mazda RX-8 RE-Amemiya - Light Blue,in_stock
PR64-R8UL-13MGC01,Pop Race Audi R8 LMS No. 1 Macau GT Cup 2013 E. Mortara,in_stock
PR64-R8LMS-EVISU,"Pop Race Audi R8 LM ""EVISU x WORKS"" Macau GT Cup 2020 Marchy Lee Presentation",in_stock
PR64-R8UL-13MGC38,Pop Race Audi R8 LMS No. 38 Macau GT Cup 2013 Marchy Lee,in_stock
PR640458,Pop Race Toyota Supra Top Secret GT300 Chrome Purple Tokyo Auto Salon Hong Kong 2025,in_stock
PR640457,Pop Race Honda Civic Pandem EG6 Tokyo Auto Salon Hong Kong 2025,in_stock
PR640310,Pop Race Honda NSX R GT Spoon - Yellow,in_stock
PR640256,Pop Race Nissan Skyline GT-R R33 NISMO Midnight Purple,in_stock
QZ-COMBO-002,QubeCarz Series 2 Liberty Walk Assortment - Sealed 3 Car Set,preorder
MGT00836-BL,MINI GT F1 Red Bull Racing RB16B #11 Sergio Perez 2021 Azerbaijan Grand Prix Winner,in_stock
MGT01080-BLC,MINI GT BMW M5 Touring (G99) – Marina Bay Blue Metallic - Chase,out_of_stock
PR640315,Pop Race Nissan 280ZX Pandem - Blue,preorder
PR640407,Pop Race Honda NSX R GT - White,preorder
PR640446,Pop Race Mazda 787B 1991 Le Mans 24hrs #18,preorder
PR640465,Pop Race Honda Civic (EG6) JACCS,preorder
PR640468,Pop Race Porsche RWB 930 Matte Black Stella Artois,preorder
T64G-066-GY,Tarmac Works Toyota GR Corolla with Oil Can - Grey,preorder
T64G-TL054-KNC,Tarmac Works Koenigsegg One:1 - Full Carbon,preorder
T64S-025-82RAC01,Tarmac Works Audi Quattro A1 – Lombard RAC Rally 1982 Winner #1,preorder
T64G-TL055-GR,Tarmac Works Pagani Utopia - Green Metallic,preorder
T64G-083-RE,Tarmac Works Porsche 928 S - Red,preorder
T64G-049-94HKBR03,Tarmac Works Mitsubishi Lancer Evolution II Hong Kong Beijing Rally 1994,preorder
T64G-TL046-SL,Tarmac Works Pagani Imola - Matte Silver,preorder
MGT01191-BL,MINI GT Volkswagen T1 Microbus Mizu Design - New Tooling!,preorder
MGT01136-BL,MINI GT Lamborghini Revuelto - Verde Gea Matte Green,preorder
MGT01193-BL,MINI GT Toleman TG184 #20 Johnny Cecotto 1984 Monaco Grand Prix,preorder
MGT01192-BL,MINI GT Lamborghini Countach 25th Anniversary - Red,preorder
MGT01195-BL,MINI GT Mazda RX-7 RE-Amemiya 2025 D1GP - Blue,preorder
MGT01194-BL,MINI GT Oracle Red Bull Racing RB19 #1 Max Verstappen 2023 F1 2023 Las Vegas GP Winner,preorder
IN64-S2000JS-TASHK25,Inno64 Honda S2000 J's Racing Tokyo Auto Salon Hong Kong 2025,out_of_stock
PR640327,Pop Race Mitsubishi Lancer Evolution IV - Dark Grey,in_stock
PR640289,Pop Race Nissan Silvia S13 Pandem - Black,out_of_stock
PR640471,Pop Race Mazda RX-8 RE-Amemiya Tokyo Auto Salon 2026 (Chance of Chase!),in_stock
PR640470,Pop Race Mazda RX-7 (FC3S) RE-Amemiya Tokyo Auto Salon 2026 (Chance of Chase!),in_stock
PR640472,Pop Race Mazda RX-7 (FD3S) RE-Amemiya Tokyo Auto Salon 2026 (Chance of Chase!),in_stock
IN64-R33TS-TASHK25,Inno64 Nissan Nissan Skyline GT-R R33 Top Secret - Tokyo Auto Salon Hong Kong 2025,out_of_stock
IN64-R35TS-TASHK25,Inno64 Nissan Nissan GT-R R35 Top Secret - Tokyo Auto Salon Hong Kong 2025,in_stock
T64-087-14ZDV33,Tarmac Works Mercedes-Benz SLS AMG GT3 12h ZANDVOORT 2014 Winner,preorder
T64-084-25SUZ13,Tarmac Works Porsche 911 GT3 R Suzuka 1000km - Intercontinental GT Challenge 2025 Phantom Global Racing + Trading Cards,preorder
T64-090-WH,Tarmac Works LB-WORKS Nissan GT-R R35 type 2 With Oil Can - White,preorder
T64-075-RE2,Tarmac Works Ferrari F40 LM Red,preorder
MGT01197-BL,MINI GT Chevrolet Corvette Z06 GT3.R #4 Corvette Racing by Pratt Miller Motorsports 2025 IMSA Daytona 24 Hrs,preorder
MGT01196-BL,MINI GT Ford Mustang GTD - Race Red,preorder
MGT01204-BL,MINI GT Nissan LB-ER34 Super Silhouette SKYLINE Suppaiman Okinawa,preorder
MGT01205-BL,MINI GT Mazda RX-7 RE-Amemiya Matsukiyo KOKU 3 Rotor NA-7 TAS 2025 Best Tuned Car Award - Carbon,preorder
MGTS0021,MINI GT Porsche 911 (992.1) Rubystone Red Set of 4 - Special Edition,preorder
MGTOM050-30,MINI GT Blister Protector Type B - SUV Blister Size - 30 Pack,preorder
MGTOM049-30,MINI GT Blister Protector Type A - Standard Blister Size - 30 Pack,preorder
MGTOM047-10,MINI GT Box Protector Type C - Square Box Size - 10 Pack,preorder
MGTOM048-10,MINI GT Box Protector Type D - Gift Set Box Size - 10 Pack,preorder
MGTOM045-25,MINI GT Box Protector Type A - Standard Box Size - 25 Pack,preorder
MGTOM046-10,MINI GT Box Protector Type B - SUV Box Size - 10 Pack,preorder
MGT01006-BL,MINI GT Red Bull RB VCARB 01 #3 Daniel Ricciardo 2024 F1 Bahrain GP,in_stock
MGT00974-BL,MINI GT Ford Puma Rally1 #13 M-Sport Ford WRT 2024 Rally Monte Carlo,in_stock
MGT00951-BL,MINI GT Toyota GR Supra KUHL 2021 D1GP Evangelion Racing (Japan Exclusive),in_stock
MGT01086-BLC,MINI GT BMW M5 (G90) - Isle of Man Green - Chase,out_of_stock
MGT01078-BLC,MINI GT Subaru Impreza WRC99 #23 2000 Acropolis Rally - Chase,out_of_stock
MGT00974-BLC,MINI GT Ford Puma Rally1 #13 M-Sport Ford WRT 2024 Rally Monte Carlo - Chase,out_of_stock
MGT01074-BLC,MINI GT Ford Puma Rally1 #16 M-Sport Ford WRT 2024 Rally Finland 3rd Place - Chase,out_of_stock
KHMG263,Kaido House Nissan Fairlady Z Tamiya x Kaido House The Frog V1,preorder
KHMG273,Kaido House Nissan Skyline GT-R (R32) Kaido Works V1 - Red,preorder
KHMG255,Kaido House Honda NSX Kaido Racing V1 - Red/White,preorder
KHMG266,Kaido House BMW M3 Kaido Works ADVAN,preorder
MGT01208-L,MINI GT Hyundai RN22e (VP1) - Light Blue - Korea Exclusive,preorder
MGT01206-L,MINI GT Hyundai Kona N - Phantom Black - Korea Exclusive,preorder
MGT01207-L,MINI GT Hyundai Concept N Vision 74 (VP2) - Silver - Korea Exclusive,preorder
IN64-R35TS-IAMBK25,Inno64 Nissan Nissan GT-R R35 Top Secret - IAM Bangkok 2025 Event Edition,in_stock
PR640187,Pop Race Porsche 997 RWB AVA,preorder
T64-TL057-GR,Tarmac Works Porsche RWB 997 IDE 2025 Event Exclusive,in_stock
T64G-004-BR,Tarmac Works Aston Martin DBS Superleggera - Brown Metallic,preorder
T64G-063-WH,Tarmac Works Toyota Corolla Widebody Jon Sibal - White,preorder
T64G-068-SL,Tarmac Works Porsche 959 - Silver,preorder
T64G-TL055-BL,Tarmac Works Pagani Utopia - Blue Metallic,preorder
T64G-TL015-BCF,Tarmac Works Pagani Zonda R - Matte Exposed Carbon Fiber,preorder
T64G-038-GY,Tarmac Works HKS Toyota GR86 - Grey with Oil Can Packaging,preorder
T64G-080-TE3006,Tarmac Works Vertex Ridge TE3006 Soarer Chrome Red,in_stock
T64S-001-GRS,Tarmac Works x Schuco GRSX Volkswagen T3 Van,preorder
T64-062-25CHN77,Tarmac Works Mercedes-AMG GT3 GT World Challenge Asia 2025 Craft-Bamboo Racing #77 with Container,preorder
T64-043-10TH,Tarmac Works Audi R8 LMS GT3 evo II Tarmac Works 10th Anniversary Limited Edition,in_stock
T64G-061-10TH,Tarmac Works Nissan Skyline (R32) Widebody Designed by Jon Sibal Tarmac Works 10th Anniversary Limited Edition,in_stock
T64G-023-10TH,Tarmac Works Nissan Silvia (S15) VERTEX Tarmac Works 10th Anniversary Limited Edition,in_stock
T64-TL017-10TH,Tarmac Works Porsche RWB 993 Tarmac Works 10th Anniversary Limited Edition,in_stock
T64-TL001-10TH,Tarmac Works Honda Civic EG6 Tarmac Works 10th Anniversary Limited Edition,in_stock
KHMG228C,Kaido House Nissan Skyline 2000 GT-R (KPGC10) Kaido Street V2 - Yellow - Chase,out_of_stock
PR640325,Pop Race Toyota Supra Top Secret GT300 Silver Chrome,in_stock
IN64-E30P-CNY26,Inno64 BMW E30 Pandem Rocket Bunny Chinese New Year - Year of the Horse 2026,in_stock
IN64-E30P-CNY26C,Inno64 BMW E30 Pandem Rocket Bunny Chinese New Year - Year of the Horse 2026 - Chase,out_of_stock
MGT01110-BLC,MINI GT Volkswagen ID. Buzz - Candy White/Pomelo Yellow - Chase,out_of_stock
PR640298,Pop Race Pagani Zonda R - White,preorder
PR640307,Pop Race Honda Mugen DC2 - White,preorder
PR640336,Pop Race Toyota Pandem GR 86 TENGKU DJAN LEY,preorder
PR640410,Pop Race Nissan 280ZX Pandem - Raw Metal,preorder
PR640484,Pop Race Mitsubishi Pandem Fuso 300 Flatbed Transporter,preorder
MGT01211-BL,MINI GT Subaru Impreza WRC98 #17 2000 Rally New Zealand,preorder
MGT01212-BL,MINI GT Nissan Skyline Kenmeri Liberty Walk Nissan Racing '75 Concept,preorder
MGT01213-BL,MINI GT BMW M4 CS Black Sapphire,preorder
MGT01182-BL,MINI GT Nissan LB-ER34 Super Silhouette SKYLINE Sport Yellow,preorder
MGT01209-BL,MINI GT Volkswagen ID. Buzz Mizu Design,preorder
T64-091-DR,Tarmac Works LB-Super Silhouette Nissan SILVIA (S15) Drift 2025,preorder
T64-090-AD,Tarmac Works LB Works Nissan GT-R Type 2 Advan,preorder
T64-TL017-FU,Tarmac Works Porsche RWB 993 Furusato Model Car + Trading Cards Combo Set,preorder
MGT01210-BL,MINI GT Mercedes-AMG G 63 Dark Blue Metallic,preorder
T64G-069-BLC,Tarmac Works Porsche 911 GT3 (996) - Light Blue - Chase,in_stock
T64G-076-SLC,Tarmac Works Mitsubishi Lancer GSR Evolution IV with Trading Cards - Silver - Chase,in_stock
MGT01139-BLC,MINI GT Ford Mustang Mach 1 - Grabber Yellow - Chase,out_of_stock
MGT00989-BLC,MINI GT Nissan Z VeilSide FFZ400 - Orange - Chase,out_of_stock
MGT01121-BLC,MINI GT 1:64 Lamborghini Revuelto Viola 30th - Matte Purple - Chase,out_of_stock
IN64-RWB930-DSCLV26,Inno64 RWB 930 2026 Diecast SuperCon Las Vegas Event Exclusive,out_of_stock
IN64-RWB997-DSCLV26,Inno64 RWB 997 2026 Diecast SuperCon Las Vegas Event Exclusive,out_of_stock
T64R-076-BK,Tarmac Works Ferrari F40 Black - 2026 Diecast SuperCon Las Vegas Event Exclusive,out_of_stock
KHMG265,Kaido House x MINI GT Honda Civic (EF) Kaido Sports V1 - Orange &#8211; Limited Edition,preorder
KHMG280,Kaido House x MINI GT Nissan Skyline GT-R R34 Kaido Works (V2 Aero) HKS - Limited Edition,preorder
KHMG276,Kaido House x MINI GT Nissan Skyline GT-R (R33) Black Kaido Cat - Limited Edition,preorder
KHMG275,Kaido House x MINI GT Kaido Star Police - White,preorder
MGT01215-CH,MINI GT BMW M4 GT3 EVO #90 FIST Team AAI  2025 China GT LHD/ China Exclusives,preorder
PR640210,Pop Race Nissan Skyline Kenmeri KPGC110 - White,preorder
PR640306,Pop Race Honda Integra DC5 Mugen - White,preorder
PR640474,Pop Race Porsche 930 RWB Apple Computer with Figure,preorder
MGT01181-BL,MINI GT Nissan LB-Silhouette 180SX - White,preorder
MGT01218-BL,MINI GT Porsche 911 GT3 R (992) #77 AO Racing Rexy 2025 IMSA Sebring 12 Hrs Class Winner,preorder
MGT01219-BL,MINI GT BMW M Hybrid V8 Hypercar #15 BMW M TEAM WRT 2024 Le Mans 24 Hrs,preorder
MGT01220-BL,MINI GT Ford Mustang Dark Horse - Race Red,preorder
MGT01221-BL,MINI GT Range Rover 1981 Camel Trophy Sumatra K. Stoppa & A. Valldorf,preorder
MGT01217-BL,MINI GT Nissan GT-R32 LB-Kaido Works TAS 2025,preorder
MGT01130-BLC,MINI GT Shelby GT500 Dragon Snake Concept - Black/Gold - Chase,out_of_stock
MGT01140-BLC,MINI GT Subaru Impreza WRC97 #1 1999 DRM Champion - Chase,out_of_stock
MGT01106-BLC,MINI GT Mazda RX-7 RE-Amemiya - Silver Metallic - Chase,in_stock
MGT01131-BLC,MINI GT Lancia Delta HF Integrale Evoluzione #1 1993 Rallye Monte-Carlo - Chase,in_stock
MGT00915-007E,"MINI GT Toyota 2000GT Roadster James Bond ""You Only Live Twice"" - English Packaging",preorder
MGT00914-007E,"MINI GT BMW Z3 James Bond ""GoldenEye"" - English Packaging",preorder
MGT00167,MINI GT Nissan Skyline GT-R Gr. A #12 Calsonic 1992 Japan Touring Car Championship,in_stock
MGT00437,MINI GT Nissan 35GT-RR LB-Silhouette Works GT Apple Green,in_stock
MGT00030,MINI GT Nissan LB Works GT-R R35 Satin Gold,in_stock
MGT00004,MINI GT Nissan Skyline GT-R R35 LB Works Light Blue,in_stock
MGT00124,MINI GT Nissan Skyline GT-R R35 Pandem - Metallic Yellow with Carbon,in_stock
MGT00528,MINI GT Nissan Skyline GT-R R35 LB Silhouette Works - LB Racing,in_stock
MGT00003,MINI GT Nissan Skyline GT-R R35 LB Works Matte Grey,in_stock
MGT00009,MINI GT Nissan Skyline GT-R R35 LB Works Matte White,in_stock
190EM04,MINI GT Honda Civic Type R FK8 Team Liquid 190EM04,in_stock
MGT00388,"MINI GT Bentley Flying Spur V8 ""Unifying Spyr ""Limited Edition",out_of_stock
mgt00446,MINI GT Nissan Skyline GT-R R34 V-Spec II Digital Camouflage - Purple,out_of_stock
IN64-190E-SIL,Inno64 Mercedes-Benz 190E - Silver,in_stock
KHMG208C,Kaido House Nissan Fairlady Z Kaido GT Police - Chase,out_of_stock
KHMG190C,Kaido House Honda NSX Kaido Test Car Spec V1 Dai Yoshihara - Chase,out_of_stock
KHMG201,Kaido House Toyota AE86 Sprinter Trueno Kaido x DGK V1,out_of_stock
QZ-COMBO-003,QubeCarz Series 3 Assortment,preorder
IN64-787B-18LM91,Inno64 - Mazda 787B No.18 59th 24 Hours Le Mans 1991,preorder
IN64-LBWK-RX7-08,Inno64 - Mazda RX7 FD3S LB-Super Silhouette Drift Games 2025,preorder
IN64-LBWK-AZ1-01,Inno64 - Mazda AZ-1 Liberty Walk LB40 Pilot,preorder
IN64-350ZTST-TSTOS,Inno64 - Nissan 350Z Top Secret Thailand,preorder
IN64-AMGGT-DP01,Inno64 - Mercedes AMG GT Darwin Pro,preorder
IN64-AE86P-GLD,Inno64 - Toyota AE86 Pandem Rocket Bunny Levin - Gold,preorder
KHMG267,Mini GT - Kaido House x Chevrolet Silverado Kaido Intimidator V2 - Beige,preorder
KHMG268,Mini GT - Kaido House x Toyota AE86 Sprinter Trueno Kaido Racing Dev V1 - White,preorder
KHMG277,Mini GT - Kaido House x Nissan Skyline GT-R (R32) KHTC V1 - Green,preorder
KHMG279,Mini GT - Kaido House x Honda NSX Kaido Test Car Spec V2 – Silver w/ Carbon - Silver,preorder
MGT01223-BL,Mini GT - Mazda RX-7 VeilSide Fortune7- Green,preorder
MGT01222-BL,Mini GT - Mazda Miata MX-5 (ND) Pandem IMSA - White,preorder
MGT01227-BL,Mini GT - Mazda AZ-1 Liberty Walk LB40 LB-Hinomaru - White,preorder
MGT01225-BL,Mini GT - Aston Martin DBS Stratus - White,preorder
MGT01226-BL,Mini GT - LB★WORKS Lamborghini Huracán GT STREET CUSTOMS - Green,preorder
MGT01224-BL,Mini GT - Porsche 963 #7 Porsche Penske Motorsport 2025 IMSA Daytona 24 Hrs Winner - Red,preorder
PR640299,Pop Race - Honda NSX-R Spoon,preorder
PR640482,Pop Race - TA22 Celica - Red,preorder
PR640495,Pop Race - Singer DLS Turbo - Ice Green,preorder
PR640496,Pop Race - RWB AE86 - White Black,preorder
MGTS0026,MINI GT Lamborghini Huracán Sterrato All Terrain Set of 4 – Special Edition - Camouflage,preorder
MGT01231-BL,MINI GT MAZDA RX-7 LB-Super Silhouette Police - White,preorder
MGT01230-BL,MINI GT Shelby GT500 Dragon Snake Concept – Chrome Silver,preorder
MGT01229-BL,MINI GT Bugatti Bolide - Black,preorder
MGT01228-BL,MINI GT McLaren MP4/4 #12 Ayrton Senna 1988 Canadian Grand Prix Winner - White,preorder
MGT01302-BL,MINI GT Chevrolet Corvette ZR1 America 250 USA Exclusive LHD- Limited Edition,preorder
MGT01301-BL,MINI GT Ford Mustang GTD America 250 USA Exclusive LHD- Limited Edition,preorder
T64G-080-TE3006C,Tarmac Works Vertex Ridge TE3006 Soarer Chrome Red - Chase,out_of_stock
PRDC009,Pop Race Pandem GR Yaris - Dark Chrome,preorder
PRDC010,Pop Race Pandem S13 - Dark Chrome,preorder
PRDC011,Pop Race RWB 997 - Dark Chrome,preorder
PRDC012,Pop Race Honda Civic FL5 TCR - Dark Chrome,preorder
T64G-049-BL-B,Tarmac Works Mitsubishi Lancer GSR Evolution II – Blue,preorder
T64G-084-BL-B,Tarmac Works Porsche 928 GTS – Blue Metallic,preorder
T64G-023-EVA02-B,Tarmac Works EVA RT Production Model-02 Nissan S15 – Vertex,preorder
T64G-091-GY-B,Tarmac Works Porsche 911 GT3 RS (997.2) – Grey,preorder
PR640161,Pop Race Nissan Skyline GT-R Drift Hakosuka Coca Cola Zero Black Chrome,in_stock
PR640350,Pop Race Datsun 620 Pandem - White,in_stock
T64G-018-HK2,Tarmac Works Vertex Nissan Silvia S14 Hello Kitty Pink Chrome APA XPO 2025 Event Edition,in_stock
IN64-LBWKF40-COLLET,Inno64 Ferrari F40 Liberty Walk LBWK Collet - White,preorder
IN64-RWB930-APPLE,Inno64 Porsche 930 RWB #89 Apple Livery,preorder
IN64-RWB997-OBF,Inno64 Porsche 997 RWB Orange Burning Flame - Orange,preorder
IN64-A90DP-MGRAY,Inno64 Toyota Supra A90 DarwinPRO - Matt Grey,preorder
IN64-MX5P-ND-01,Inno64 - Mazda MX-5 Miata ND Pandem Rocket Bunny V1,preorder
IN64-GR86-UNDXQDT,Inno64 - Toyota GR86 Pandem Rocket Bunny Undefeated x Quadrant,preorder
PRB001,Pop Race RWB 930 Silver Chrome - Las Vegas Supercon 2026,in_stock
PRB003,Pop Race RWB 930 Purple Chrome - Vancouver 2026,in_stock
PRB004,Pop Race Honda Civic EG6 Yellow - Vancouver 2026 Edition,in_stock
PRB002,Pop Race Honda Civic EG6 Dark Grey - Supercon 2026 Edition,in_stock
MGT00909-007E,MINI GT James Bond Aston Martin DB5 Casino Royale – English Packaging - Silver,preorder
MGT00916-007J,MINI GT Aston Martin V8 Vantage The Living Daylights – Japanese Packaging - Grey,preorder
T64-097-26HEC,Tarmac Works LB-KAIDO WORKS Nissan R32 Skyline CLDC Special – White,preorder
